"GSM","Title","Sample_characteristics_ch1","Sample_characteristics_ch1.1","Sample_characteristics_ch1.2","Sample_characteristics_ch1.3","Sample_characteristics_ch1.4"
"GSM8298699","peripheral blood, PDAC, EV1","tissue: peripheral blood","diagnosis: PDAC","Stage: 4","treatment (palliative): --","response to_treatment: --"
"GSM8298700","peripheral blood, PDAC, EV2","tissue: peripheral blood","diagnosis: PDAC","Stage: 4","treatment (palliative): --","response to_treatment: --"
"GSM8298701","peripheral blood, PDAC, EV3","tissue: peripheral blood","diagnosis: PDAC","Stage: 4","treatment (palliative): O","response to_treatment: responder"
"GSM8298702","peripheral blood, PDAC, EV4","tissue: peripheral blood","diagnosis: PDAC","Stage: 4","treatment (palliative): --","response to_treatment: --"
"GSM8298703","peripheral blood, PDAC, EV5","tissue: peripheral blood","diagnosis: PDAC","Stage: 4","treatment (palliative): --","response to_treatment: --"
"GSM8298704","peripheral blood, PDAC, EV6","tissue: peripheral blood","diagnosis: PDAC","Stage: 4","treatment (palliative): --","response to_treatment: --"
"GSM8298705","peripheral blood, PDAC, EV7","tissue: peripheral blood","diagnosis: PDAC","Stage: 4","treatment (palliative): O","response to_treatment: non-responder"
"GSM8298706","peripheral blood, PDAC, EV8","tissue: peripheral blood","diagnosis: PDAC","Stage: 2","treatment (palliative): --","response to_treatment: --"
"GSM8298707","peripheral blood, PDAC, EV9","tissue: peripheral blood","diagnosis: PDAC","Stage: 2","treatment (palliative): --","response to_treatment: --"
"GSM8298708","peripheral blood, PDAC, EV10","tissue: peripheral blood","diagnosis: PDAC","Stage: 4","treatment (palliative): O","response to_treatment: responder"
"GSM8298709","peripheral blood, PDAC, EV11","tissue: peripheral blood","diagnosis: PDAC","Stage: 3","treatment (palliative): --","response to_treatment: --"
"GSM8298710","peripheral blood, PDAC, EV12","tissue: peripheral blood","diagnosis: PDAC","Stage: 3","treatment (palliative): O","response to_treatment: responder"
"GSM8298711","peripheral blood, PDAC, EV13","tissue: peripheral blood","diagnosis: PDAC","Stage: 3","treatment (palliative): O","response to_treatment: responder"
"GSM8298712","peripheral blood, PDAC, EV14","tissue: peripheral blood","diagnosis: PDAC","Stage: 3","treatment (palliative): O","response to_treatment: responder"
"GSM8298713","peripheral blood, PDAC, EV15","tissue: peripheral blood","diagnosis: PDAC","Stage: 4","treatment (palliative): O","response to_treatment: non-responder"
"GSM8298714","peripheral blood, PDAC, EV16","tissue: peripheral blood","diagnosis: PDAC","Stage: 1","treatment (palliative): --","response to_treatment: --"
"GSM8298715","peripheral blood, PDAC, EV17","tissue: peripheral blood","diagnosis: PDAC","Stage: 4","treatment (palliative): --","response to_treatment: --"
"GSM8298716","peripheral blood, PDAC, EV18","tissue: peripheral blood","diagnosis: PDAC","Stage: 4","treatment (palliative): O","response to_treatment: non-responder"
"GSM8298717","peripheral blood, PDAC, EV19","tissue: peripheral blood","diagnosis: PDAC","Stage: 4","treatment (palliative): O","response to_treatment: responder"
"GSM8298718","peripheral blood, PDAC, EV20","tissue: peripheral blood","diagnosis: PDAC","Stage: 4","treatment (palliative): --","response to_treatment: --"
"GSM8298719","peripheral blood, PDAC, EV21","tissue: peripheral blood","diagnosis: PDAC","Stage: 4","treatment (palliative): O","response to_treatment: responder"
"GSM8298720","peripheral blood, PDAC, EV22","tissue: peripheral blood","diagnosis: PDAC","Stage: 4","treatment (palliative): --","response to_treatment: --"
"GSM8298721","peripheral blood, PDAC, EV23","tissue: peripheral blood","diagnosis: PDAC","Stage: 4","treatment (palliative): O","response to_treatment: non-responder"
"GSM8298722","peripheral blood, PDAC, EV24","tissue: peripheral blood","diagnosis: PDAC","Stage: 4","treatment (palliative): O","response to_treatment: responder"
"GSM8298723","peripheral blood, PDAC, EV25","tissue: peripheral blood","diagnosis: PDAC","Stage: 2","treatment (palliative): --","response to_treatment: --"
"GSM8298724","peripheral blood, PDAC, EV26","tissue: peripheral blood","diagnosis: PDAC","Stage: 3","treatment (palliative): O","response to_treatment: responder"
"GSM8298725","peripheral blood, PDAC, EV27","tissue: peripheral blood","diagnosis: PDAC","Stage: 4","treatment (palliative): --","response to_treatment: --"
"GSM8298726","peripheral blood, PDAC, EV28","tissue: peripheral blood","diagnosis: PDAC","Stage: 3","treatment (palliative): O","response to_treatment: responder"
"GSM8298727","peripheral blood, PDAC, EV29","tissue: peripheral blood","diagnosis: PDAC","Stage: 3","treatment (palliative): O","response to_treatment: responder"
"GSM8298728","peripheral blood, PDAC, EV30","tissue: peripheral blood","diagnosis: PDAC","Stage: 4","treatment (palliative): --","response to_treatment: --"
"GSM8298729","peripheral blood, PDAC, EV31","tissue: peripheral blood","diagnosis: PDAC","Stage: 4","treatment (palliative): O","response to_treatment: responder"
"GSM8298730","peripheral blood, PDAC, EV32","tissue: peripheral blood","diagnosis: PDAC","Stage: 3","treatment (palliative): O","response to_treatment: responder"
"GSM8298731","peripheral blood, PDAC, EV33","tissue: peripheral blood","diagnosis: PDAC","Stage: 1","treatment (palliative): --","response to_treatment: --"
"GSM8298732","peripheral blood, PDAC, EV34","tissue: peripheral blood","diagnosis: PDAC","Stage: 2","treatment (palliative): --","response to_treatment: --"
"GSM8298733","peripheral blood, PDAC, EV35","tissue: peripheral blood","diagnosis: PDAC","Stage: 4","treatment (palliative): O","response to_treatment: non-responder"
"GSM8298734","peripheral blood, PDAC, EV36","tissue: peripheral blood","diagnosis: PDAC","Stage: 4","treatment (palliative): O","response to_treatment: responder"
"GSM8298735","peripheral blood, PDAC, EV37","tissue: peripheral blood","diagnosis: PDAC","Stage: 4","treatment (palliative): O","response to_treatment: responder"
"GSM8298736","peripheral blood, PDAC, EV38","tissue: peripheral blood","diagnosis: PDAC","Stage: 4","treatment (palliative): --","response to_treatment: --"
"GSM8298737","peripheral blood, PDAC, EV39","tissue: peripheral blood","diagnosis: PDAC","Stage: 4","treatment (palliative): O","response to_treatment: responder"
"GSM8298738","peripheral blood, PDAC, EV40","tissue: peripheral blood","diagnosis: PDAC","Stage: 4","treatment (palliative): O","response to_treatment: responder"
"GSM8298739","peripheral blood, PDAC, EV41","tissue: peripheral blood","diagnosis: PDAC","Stage: 3","treatment (palliative): O","response to_treatment: non-responder"
"GSM8298740","peripheral blood, PDAC, EV42","tissue: peripheral blood","diagnosis: PDAC","Stage: 4","treatment (palliative): --","response to_treatment: --"
"GSM8298741","peripheral blood, PDAC, EV43","tissue: peripheral blood","diagnosis: PDAC","Stage: 4","treatment (palliative): O","response to_treatment: non-responder"
"GSM8298742","peripheral blood, PDAC, EV44","tissue: peripheral blood","diagnosis: PDAC","Stage: 3","treatment (palliative): O","response to_treatment: responder"
"GSM8298743","peripheral blood, PDAC, EV45","tissue: peripheral blood","diagnosis: PDAC","Stage: 3","treatment (palliative): O","response to_treatment: responder"
"GSM8298744","peripheral blood, PDAC, EV46","tissue: peripheral blood","diagnosis: PDAC","Stage: 4","treatment (palliative): O","response to_treatment: non-responder"
"GSM8298745","peripheral blood, PDAC, EV47","tissue: peripheral blood","diagnosis: PDAC","Stage: 4","treatment (palliative): O","response to_treatment: responder"
"GSM8298746","peripheral blood, PDAC, EV48","tissue: peripheral blood","diagnosis: PDAC","Stage: 3","treatment (palliative): O","response to_treatment: non-responder"
"GSM8298747","peripheral blood, PDAC, EV49","tissue: peripheral blood","diagnosis: PDAC","Stage: 4","treatment (palliative): O","response to_treatment: non-responder"
"GSM8298748","peripheral blood, PDAC, EV50","tissue: peripheral blood","diagnosis: PDAC","Stage: 4","treatment (palliative): O","response to_treatment: non-responder"
"GSM8298749","peripheral blood, PDAC, EV51","tissue: peripheral blood","diagnosis: PDAC","Stage: 4","treatment (palliative): O","response to_treatment: non-responder"
"GSM8298750","peripheral blood, healthy control, EV52","tissue: peripheral blood","diagnosis: healthy control","Stage: --","treatment (palliative): --","response to_treatment: --"
"GSM8298751","peripheral blood, healthy control, EV53","tissue: peripheral blood","diagnosis: healthy control","Stage: --","treatment (palliative): --","response to_treatment: --"
"GSM8298752","peripheral blood, healthy control, EV54","tissue: peripheral blood","diagnosis: healthy control","Stage: --","treatment (palliative): --","response to_treatment: --"
"GSM8298753","peripheral blood, benign, EV55","tissue: peripheral blood","diagnosis: benign","Stage: --","treatment (palliative): --","response to_treatment: --"
"GSM8298754","peripheral blood, benign, EV56","tissue: peripheral blood","diagnosis: benign","Stage: --","treatment (palliative): --","response to_treatment: --"
"GSM8298755","peripheral blood, benign, EV57","tissue: peripheral blood","diagnosis: benign","Stage: --","treatment (palliative): --","response to_treatment: --"
"GSM8298756","peripheral blood, benign, EV58","tissue: peripheral blood","diagnosis: benign","Stage: --","treatment (palliative): --","response to_treatment: --"
"GSM8298757","peripheral blood, benign, EV59","tissue: peripheral blood","diagnosis: benign","Stage: --","treatment (palliative): --","response to_treatment: --"
"GSM8298758","peripheral blood, benign, EV60","tissue: peripheral blood","diagnosis: benign","Stage: --","treatment (palliative): --","response to_treatment: --"
"GSM8298759","peripheral blood, benign, EV61","tissue: peripheral blood","diagnosis: benign","Stage: --","treatment (palliative): --","response to_treatment: --"
"GSM8298760","peripheral blood, benign, EV62","tissue: peripheral blood","diagnosis: benign","Stage: --","treatment (palliative): --","response to_treatment: --"
"GSM8298761","peripheral blood, benign, EV63","tissue: peripheral blood","diagnosis: benign","Stage: --","treatment (palliative): --","response to_treatment: --"
"GSM8298762","peripheral blood, benign, EV64","tissue: peripheral blood","diagnosis: benign","Stage: --","treatment (palliative): --","response to_treatment: --"
"GSM8298763","peripheral blood, benign, EV65","tissue: peripheral blood","diagnosis: benign","Stage: --","treatment (palliative): --","response to_treatment: --"
"GSM8298764","peripheral blood, benign, EV66","tissue: peripheral blood","diagnosis: benign","Stage: --","treatment (palliative): --","response to_treatment: --"
