"Model","Omitted_CP","Status","log2FC","CI_low","CI_high","P","BH_all_genes","Frozen_Significant"
"Unadjusted","Ge0089","Estimated",0.307116530259217,0.186492996223917,0.427740064294516,9.9664721331627e-07,4.1544517462475e-06,380
"Unadjusted","Ge0093","Estimated",0.302551913966025,0.181924900181858,0.423178927750193,1.41641662291911e-06,5.79027201742287e-06,378
"Unadjusted","Ge0097","Estimated",0.304358686210261,0.183708694349119,0.425008678071404,1.23887439621382e-06,5.2051350441049e-06,375
"Unadjusted","Ge0102","Estimated",0.310751816452144,0.190273063932968,0.431230568971319,7.30010435745639e-07,3.13924769772131e-06,378
"Unadjusted","Ge0113b","Estimated",0.309817990621046,0.189291498284347,0.430344482957745,7.92730002741693e-07,3.34252313184527e-06,379
"Unadjusted","Ge0118d","Estimated",0.297555146809974,0.177154300642704,0.417955992977245,1.98449218311525e-06,7.85250092752446e-06,380
"Unadjusted","Ge0132","Estimated",0.303676390742874,0.183033015470928,0.424319766014821,1.30374222389845e-06,5.51336639072312e-06,375
"Unadjusted","Ge0133","Estimated",0.29777867821193,0.177362474817253,0.418194881606607,1.95680172522598e-06,7.88560134453674e-06,376
"Unadjusted","Ge0136","Estimated",0.302599834442968,0.181971216801533,0.423228452084403,1.41168038712182e-06,5.81127718554909e-06,378
"Unadjusted","Ge0158","Estimated",0.311612817353717,0.191190895517857,0.432034739189578,6.74626694284351e-07,2.883824881176e-06,382
"Unadjusted","Ge0161","Estimated",0.29794230798614,0.177516925947779,0.418367690024501,1.93599812844446e-06,7.84418412050562e-06,376
"Unadjusted","Ge0171","Estimated",0.298737838169927,0.178261582897099,0.419214093442756,1.84022065606634e-06,7.43963830032366e-06,374
"Unadjusted","Ge0174","Estimated",0.303467403972065,0.182830886656552,0.424103921287578,1.32295662935795e-06,5.40930915247132e-06,379
"Unadjusted","Ge0181","Estimated",0.297860113356713,0.177439614536278,0.418280612177148,1.9463176013831e-06,7.86683779180977e-06,376
"Unadjusted","Ge0200","Estimated",0.312137314688331,0.191750066245377,0.432524563131286,6.42899227941707e-07,2.74891859129695e-06,381
"Unadjusted","Ge0206","Estimated",0.29741070241698,0.177022558189275,0.417798846644684,2.00151427565379e-06,8.20380296199429e-06,372
"Unadjusted","Ge0209","Estimated",0.296753548908924,0.176412320393694,0.417094777424154,2.08521086556108e-06,8.2201871227589e-06,379
"Unadjusted","Ge0210","Estimated",0.294090760087359,0.173988864494071,0.414192655680647,2.438745703045e-06,9.69188273572358e-06,377
"Unadjusted","Ge0212","Estimated",0.29392983376609,0.173847758323134,0.414011909209047,2.45955950837643e-06,9.97355841758205e-06,373
"Unadjusted","Ge0221","Estimated",0.302529816714948,0.181904816057794,0.423154817372102,1.41825514502296e-06,5.77666230222812e-06,381
"Unadjusted","Ge0230","Estimated",0.300635227789895,0.180066049377832,0.421204406201958,1.6213711855663e-06,6.51820372123467e-06,377
"Unadjusted","Ge0236","Estimated",0.303480593877306,0.182845005369946,0.424116182384666,1.32143732037302e-06,5.38449581272289e-06,380
"Unadjusted","Ge0255","Estimated",0.295923604539578,0.175650475106367,0.416196733972789,2.19220516905498e-06,8.88455114399423e-06,376
"Unadjusted","Ge0282","Estimated",0.300111357011786,0.17956706815406,0.420655645869512,1.67936226969508e-06,6.65690469435279e-06,381
"Unadjusted","Ge0319","Estimated",0.30696567837313,0.186342189731214,0.427589167015046,1.00830103347883e-06,4.15993953139788e-06,378
"Unadjusted","Ge0335","Estimated",0.328792667050514,0.210951942455871,0.446633391645156,9.44489513139972e-08,4.6912055033052e-07,379
"Unadjusted","Ge0406","Estimated",0.30431971625039,0.183671672952205,0.424967759548575,1.24208709340574e-06,5.08381497282689e-06,379
"Unadjusted","Ge0886","Estimated",0.320625011338461,0.201190750192332,0.440059272484591,2.67023220704545e-07,1.22638078607536e-06,377
"Unadjusted","Ge0887","Estimated",0.306666921213699,0.186033282633136,0.427300559794262,1.03392400522752e-06,4.33178588499785e-06,378
"Unadjusted","Ge0889","Estimated",0.313059359493297,0.192739235115634,0.43337948387096,5.89805318074776e-07,2.64839830506194e-06,379
"Unadjusted","Ge0890","Estimated",0.309063756468498,0.188502022636939,0.429625490300056,8.46612466271457e-07,3.58398683649232e-06,377
"Unadjusted","Ge0892","Estimated",0.29704916456757,0.176683756219935,0.417414572915205,2.04837696667536e-06,8.33139133747221e-06,381
"Unadjusted","Ge0893","Estimated",0.304854995748269,0.184211616513898,0.425498374982641,1.19102744574737e-06,4.84820215170602e-06,379
"Unadjusted","Ge0894","Estimated",0.304449987789053,0.183800734546102,0.425099241032003,1.23002895773052e-06,5.121981096543e-06,382
"Unadjusted","Ge0895","Estimated",0.302988804459064,0.182353720817603,0.423623888100526,1.37200068826823e-06,5.61212153865522e-06,377
"Unadjusted","Ge0896","Estimated",0.306950518166558,0.186321993215845,0.427579043117272,1.01052507604106e-06,4.286901761548e-06,376
"Unadjusted","Ge0897","Estimated",0.304345514431585,0.18369613544091,0.42499489342226,1.23996417768927e-06,5.1220117469279e-06,381
"Unadjusted","Ge0898","Estimated",0.303725682275047,0.183080695680856,0.424370668869238,1.29924260285617e-06,5.44739746031861e-06,378
"Unadjusted","Ge0899","Estimated",0.309270956698367,0.188717934265659,0.429823979131074,8.3163090459832e-07,3.57579115269158e-06,380
"Unadjusted","Ge0900","Estimated",0.319508927608456,0.199906420593548,0.439111434623363,3.0316542388891e-07,1.41629707315272e-06,380
"Unadjusted","Ge0902","Estimated",0.297393444024132,0.177011288084546,0.417775599963717,2.00200854183396e-06,7.84773307427256e-06,380
"Unadjusted","Ge0906","Estimated",0.308679898669744,0.188105717478698,0.429254079860789,8.74378206545204e-07,3.70074966215735e-06,381
"Unadjusted","Ge0908","Estimated",0.301401313685066,0.180803910269136,0.421998717100996,1.53776805291629e-06,6.48123816353763e-06,377
"Unadjusted","Ge0910","Estimated",0.308530026030443,0.187946391298239,0.429113660762647,8.86356382524757e-07,3.91534067459509e-06,376
"Unadjusted","Ge0915","Estimated",0.30849760881429,0.187914319486855,0.429080898141724,8.884674093391e-07,3.74227606098221e-06,379
"Unadjusted","Ge0917","Estimated",0.29257447850689,0.172641580472724,0.412507376541056,2.65021018817216e-06,1.03554078065455e-05,374
"Unadjusted","Ge0939","Estimated",0.307040096153182,0.186413427124125,0.427666765182238,1.00319052738956e-06,4.24326184603855e-06,378
"Unadjusted","Ge0941","Estimated",0.305579442457456,0.184931204802094,0.426227680112817,1.12754729584771e-06,4.76025579936042e-06,379
"Unadjusted","Ge0975","Estimated",0.304371407453322,0.183720862831341,0.425021952075303,1.23781331525858e-06,5.17641369624563e-06,379
"Unadjusted","Ge0978","Estimated",0.301839349521004,0.181228760569556,0.422449938472452,1.49100118992179e-06,6.22803299614205e-06,374
"Unadjusted","Ge0979","Estimated",0.305186592870987,0.184535987773493,0.425837197968481,1.16271785448099e-06,4.92216409636272e-06,375
"Unadjusted","Ge0981","Estimated",0.307265975226772,0.186647802207336,0.427884148246207,9.84154414130936e-07,4.14184709615741e-06,380
"Unadjusted","Ge0984","Estimated",0.301873164157628,0.181261438288874,0.422484890026381,1.48743350544906e-06,6.17722385204139e-06,377
"Unadjusted","Ge0985","Estimated",0.3194496446794,0.19983804255563,0.439061246803169,3.05223219522821e-07,1.44028996248093e-06,377
"Unadjusted","Ge0986","Estimated",0.30810969264658,0.187512562252576,0.428706823040585,9.18122082889117e-07,3.91057037040896e-06,379
"Unadjusted","Ge0987","Estimated",0.304760088008089,0.184108721454016,0.425411454562163,1.20161888197717e-06,5.10618237048842e-06,377
"Unadjusted","Ge0988","Estimated",0.309270956698366,0.188719955021702,0.429821958375031,8.31278144431908e-07,3.52872311057266e-06,381
"Unadjusted","Ge0990","Estimated",0.291669773912167,0.171845289915122,0.411494257909212,2.78083814492561e-06,1.09326385920376e-05,377
"Unadjusted","Ge1019","Estimated",0.312193961265511,0.191815140974438,0.432572781556583,6.38934884522029e-07,2.75820828394502e-06,385
"Chip_adjusted","Ge0089","Estimated",0.19681126753523,0.0367520983303754,0.356870436740085,0.0162544391998948,0.0426874339025386,315
"Chip_adjusted","Ge0093","Estimated",0.181822294522782,0.0242594670369246,0.339385122008639,0.0239731349764512,0.0602728287968481,303
"Chip_adjusted","Ge0097","Estimated",0.181822294522781,0.0242600101151322,0.33938457893043,0.0239726521642431,0.060273539512714,303
"Chip_adjusted","Ge0102","Estimated",0.18098408893049,0.021961307435621,0.340006870425358,0.0259491882004638,0.0651026952346051,301
"Chip_adjusted","Ge0113b","Estimated",0.178992842673002,0.0200033598684957,0.337982325477507,0.0275756062645175,0.0673585390960576,303
"Chip_adjusted","Ge0118d","Estimated",0.177592486481936,0.0178776880949848,0.337307284868886,0.0295192035340968,0.072530298885566,294
"Chip_adjusted","Ge0132","Estimated",0.178837075334033,0.0204534929499079,0.337220657718158,0.027127155006008,0.0682708550188725,295
"Chip_adjusted","Ge0133","Estimated",0.169473918578701,0.012043197889332,0.326904639268071,0.035028475387916,0.0823855000912048,303
"Chip_adjusted","Ge0136","Estimated",0.177127943981993,0.0188295575611786,0.335426330402806,0.0285226244308529,0.0698859871131504,305
"Chip_adjusted","Ge0158","Estimated",0.192196292107876,0.0359974865948765,0.348395097620876,0.0161824886156366,0.0427924633243821,313
"Chip_adjusted","Ge0161","Estimated",0.17497984123126,0.0168463621239575,0.333113320338562,0.0303072114996242,0.073524403494567,294
"Chip_adjusted","Ge0171","Estimated",0.176242817982892,0.0180035954071503,0.334482040558634,0.0292549952211352,0.0712380199497109,299
"Chip_adjusted","Ge0174","Estimated",0.181822294522781,0.0247055601800363,0.338939028865526,0.0235803381853052,0.0594189085318128,303
"Chip_adjusted","Ge0181","Estimated",0.174849349757533,0.0167274491968684,0.332971250318198,0.0304171809043664,0.0734722805494304,300
"Chip_adjusted","Ge0200","Estimated",0.205722766432709,0.0458411562488826,0.365604376616534,0.0119791332932266,0.0343546381118887,307
"Chip_adjusted","Ge0206","Estimated",0.177260251013936,0.0196597121550218,0.33486078987285,0.0277216182648945,0.068633773976614,297
"Chip_adjusted","Ge0209","Estimated",0.185122773619328,0.0242590013872033,0.345986545851452,0.0243561507507374,0.0615202246115475,301
"Chip_adjusted","Ge0210","Estimated",0.178053870675695,0.0190853306395692,0.337022410711821,0.0283679775941534,0.0704073118504946,295
"Chip_adjusted","Ge0212","Estimated",0.17359950066486,0.0167477799870537,0.330451221342666,0.0302715457472513,0.0734999121492028,297
"Chip_adjusted","Ge0221","Estimated",0.18392650244899,0.0249230909545726,0.342929913943407,0.0236409107978312,0.0602659022124873,299
"Chip_adjusted","Ge0230","Estimated",0.175965344617765,0.0151417693451639,0.336788919890365,0.0321821607927553,0.0762990882165805,299
"Chip_adjusted","Ge0236","Estimated",0.169119783619563,0.00979831557569563,0.32844125166343,0.0376145040361637,0.0891030651885625,296
"Chip_adjusted","Ge0255","Estimated",0.159857514155812,0.000311310351948368,0.319403717959676,0.0495596178426265,0.115757045651783,278
"Chip_adjusted","Ge0282","Estimated",0.178769492787837,0.0197826931949952,0.337756292380678,0.0277645409626573,0.0683113632562519,300
"Chip_adjusted","Ge0319","Estimated",0.200649822853682,0.0418298247992898,0.359469820908074,0.0135874281350865,0.0380769695690912,298
"Chip_adjusted","Ge0335","Estimated",0.245338358590329,0.0905356184492675,0.40014109873139,0.00206670564189248,0.00801391100800125,299
"Chip_adjusted","Ge0406","Estimated",0.167428974184322,0.00733199711167978,0.327525951256964,0.0404960349633855,0.0927408057703482,294
"Chip_adjusted","Ge0886","Estimated",0.215924839577778,0.0598362335170462,0.37201344563851,0.00698362931991194,0.0223043818326902,306
"Chip_adjusted","Ge0887","Estimated",0.182223992930572,0.02268487396578,0.341763111895363,0.0254268302603744,0.0641440887247986,306
"Chip_adjusted","Ge0889","Estimated",0.181822294522782,0.0242558470744524,0.339388741971111,0.0239763059214265,0.0601905491509698,303
"Chip_adjusted","Ge0890","Estimated",0.181822294522783,0.0247063295151105,0.338938259530455,0.0235796608585749,0.0594172017702425,303
"Chip_adjusted","Ge0892","Estimated",0.173597045334696,0.0148374581025082,0.332356632566884,0.0322899962036083,0.0776501721289693,298
"Chip_adjusted","Ge0893","Estimated",0.189683905949347,0.0303323564965677,0.349035455402127,0.0199315673740655,0.0513236584506746,306
"Chip_adjusted","Ge0894","Estimated",0.189378212498151,0.0305824707065892,0.348173954289714,0.0197034813298273,0.0506326625590619,304
"Chip_adjusted","Ge0895","Estimated",0.178569272583372,0.0203532453911301,0.336785299775613,0.0271937926243231,0.0666788083590061,303
"Chip_adjusted","Ge0896","Estimated",0.184847398130766,0.026619681134184,0.343075115127349,0.0223095729089754,0.0576239944161096,298
"Chip_adjusted","Ge0897","Estimated",0.186191375901888,0.0257210563503433,0.346661695453432,0.0232235742538231,0.0582500046822705,308
"Chip_adjusted","Ge0898","Estimated",0.179519596876334,0.0197760108426451,0.339263182910023,0.0278509658059237,0.0707562225986099,291
"Chip_adjusted","Ge0899","Estimated",0.181822294522781,0.0246706100224539,0.338973979023109,0.023612383724858,0.0594996584756252,303
"Chip_adjusted","Ge0900","Estimated",0.181822294522781,0.024850652770155,0.338793936275408,0.0234553204543993,0.0592299827890271,303
"Chip_adjusted","Ge0902","Estimated",0.171668503544167,0.01243678147961,0.330900225608723,0.0347607722991879,0.0816604202489154,300
"Chip_adjusted","Ge0906","Estimated",0.181822294522783,0.0243693819429436,0.339275207102623,0.023876411272158,0.0595829432230051,303
"Chip_adjusted","Ge0908","Estimated",0.181822294522783,0.0246913484602087,0.338953240585358,0.0235942967646972,0.0593648674756124,303
"Chip_adjusted","Ge0910","Estimated",0.181822294522783,0.0243444343801612,0.339300154665406,0.0238983644122696,0.0599350604934907,303
"Chip_adjusted","Ge0915","Estimated",0.181822294522782,0.024706470010979,0.338938119034584,0.0235795373555301,0.0594168905611299,303
"Chip_adjusted","Ge0917","Estimated",0.181822294522783,0.0247069069484538,0.338937682097113,0.0235791530347468,0.0594159221305122,303
"Chip_adjusted","Ge0939","Estimated",0.181822294522784,0.0242496087556031,0.339394980289965,0.0239818243924114,0.0603248266782986,303
"Chip_adjusted","Ge0941","Estimated",0.181822294522784,0.0242500822581785,0.33939450678739,0.0239814034855276,0.0603237679125267,303
"Chip_adjusted","Ge0975","Estimated",0.181822294522781,0.0247065154468211,0.338938073598742,0.0235794961841407,0.0594167868154159,303
"Chip_adjusted","Ge0978","Estimated",0.181822294522781,0.0244032209212443,0.339241368124319,0.0238467045300139,0.0598321880219771,303
"Chip_adjusted","Ge0979","Estimated",0.181822294522781,0.0242408976329591,0.339403691412603,0.0239895047512621,0.0601665469578104,303
"Chip_adjusted","Ge0981","Estimated",0.181822294522781,0.0243718084426806,0.339272780602882,0.0238742579360741,0.0597628693619989,303
"Chip_adjusted","Ge0984","Estimated",0.181822294522783,0.0250024388431416,0.338642150202425,0.0233233694093884,0.058784712421689,303
"Chip_adjusted","Ge0985","Estimated",0.181822294522783,0.0261519217735407,0.337492667272026,0.0223368180679909,0.0568838269011575,303
"Chip_adjusted","Ge0986","Estimated",0.181822294522784,0.0242442631774297,0.339400325868137,0.0239865247753449,0.0601936723627732,303
"Chip_adjusted","Ge0987","Estimated",0.181822294522784,0.0244898605258713,0.339154728519696,0.023770643338101,0.059717550126224,303
"Chip_adjusted","Ge0988","Estimated",0.181822294522784,0.0242517682010017,0.339392820844566,0.0239798950990769,0.0601320375484205,303
"Chip_adjusted","Ge0990","Estimated",0.172891473684478,0.014183375686875,0.33159957168208,0.0329330144723806,0.0793777173213668,291
"Chip_adjusted","Ge1019","Estimated",0.187872729435291,0.0282120345899728,0.34753342428061,0.0213714730535569,0.0551867825090628,303
