"Dataset","Cell_Population","Published_Markers","Present_Markers","Coverage","Eligible_Adjustment","Markers"
"E-MTAB-1791","B lineage",9,8,0.888888888888889,TRUE,"BANK1;CD19;CD22;CD79A;CR2;FCRL2;MS4A1;PAX5"
"E-MTAB-1791","CD8 T cells",1,1,1,FALSE,"CD8B"
"E-MTAB-1791","Cytotoxic lymphocytes",7,7,1,TRUE,"CD8A;EOMES;FGFBP2;GNLY;KLRC3;KLRC4;KLRD1"
"E-MTAB-1791","Endothelial cells",33,31,0.939393939393939,TRUE,"ACVRL1;APLN;BCL6B;BMP6;BMX;CDH5;CLEC14A;DIPK2B;EDN1;EMCN;ESAM;ESM1;FAM124B;HECW2;HHIP;KDR;MMRN1;MMRN2;MYCT1;PALMD;PEAR1;PGF;PLXNA2;PTPRB;ROBO4;SHANK3;SHE;TEK;TIE1;VEPH1;VWF"
"E-MTAB-1791","Fibroblasts",8,8,1,TRUE,"COL1A1;COL3A1;COL6A1;COL6A2;DCN;GREM1;PAMR1;TAGLN"
"E-MTAB-1791","Monocytic lineage",7,7,1,TRUE,"ADAP2;CSF1R;FPR3;KYNU;PLA2G7;RASSF4;TFEC"
"E-MTAB-1791","Myeloid dendritic cells",6,5,0.833333333333333,TRUE,"CD1A;CD1B;CD1E;CLEC10A;CLIC2"
"E-MTAB-1791","NK cells",9,8,0.888888888888889,TRUE,"CD160;KIR2DL1;KIR2DL3;KIR2DL4;KIR3DL1;NCR1;PTGDR;SH2D1B"
"E-MTAB-1791","Neutrophils",15,14,0.933333333333333,TRUE,"CA4;CEACAM3;CXCR1;CXCR2;CYP4F3;FCGR3B;HAL;KCNJ15;MEGF9;SLC25A37;STEAP4;TECPR2;TLE3;TNFRSF10C"
"E-MTAB-1791","T cells",16,14,0.875,TRUE,"CD28;CD3D;CD3G;CD5;CD6;CTLA4;FLT3LG;ICOS;MAL;PBX4;SIRPG;THEMIS;TNFRSF25;TRAT1"
