"Dataset","Sample","State","Age","Sex","T cells","CD8 T cells","Cytotoxic lymphocytes","B lineage","NK cells","Monocytic lineage","Myeloid dendritic cells","Neutrophils","Endothelial cells","Fibroblasts"
"GSE143754","GSM4274197","PDAC",50,"Female",3.98152352623077,2.921780097,3.45971161983333,3.7599241015,3.58894610077778,4.45757126842857,3.44108301566667,4.49804937569231,4.45341866364516,6.529287386
"GSE143754","GSM4274198","PDAC",48,"Male",4.518590944,3.176291457,3.70505496383333,4.939675639875,3.66757783311111,4.59230932,3.83608784,4.55281618946154,4.86291357996774,7.10195723375
"GSE143754","GSM4274199","PDAC",57,"Female",3.816065332,3.04316882,3.38531843316667,3.61260963875,3.62379476188889,3.90136501614286,3.2981762145,4.43737758876923,4.46509365664516,5.678495699125
"GSE143754","GSM4274202","PDAC",48,"Male",3.94128234230769,3.148093245,3.405753343,3.569510818625,3.59118562066667,4.33356113057143,3.47699622366667,4.53278275584615,4.39182664390323,5.661178361
"GSE143754","GSM4274204","PDAC",45,"Female",3.66391440538462,3.163424599,3.42501688433333,3.692714967625,3.77206444644444,3.76440742385714,3.452200266,4.58652976753846,4.556867176,5.97106026875
"GSE143754","GSM4274205","CP",19,"Male",4.03659039,3.200151837,3.56298226533333,4.291397195375,3.68190862611111,3.82516155885714,3.5214682325,4.66866057076923,4.69428248741935,7.62446583025
"GSE143754","GSM4274206","CP",21,"Female",3.73043916307692,3.001783268,3.515263991,3.965148400125,3.64350588444444,3.87913321171429,3.41795761083333,4.44297069069231,4.64986789816129,7.426459871
"GSE143754","GSM4274207","PDAC",33,"Female",3.64269793146154,2.915869374,3.47881310016667,3.688771549375,3.77266729144444,3.92902893728571,3.31749082,4.412602133,4.29173416174194,7.886629151
"GSE143754","GSM4274208","CP",39,"Male",3.76831792884615,3.273906185,3.54653015466667,3.891401442625,3.723653517,3.752994965,3.4544898675,4.52191849784615,4.52281270319355,6.885886371
"GSE143754","GSM4274209","PDAC",32,"Female",3.94503075084615,3.21955727,3.62516257166667,4.235788306125,3.61600589755556,4.431608919,3.6078988605,4.44071991561538,4.65909112383871,9.031306238875
"GSE143754","GSM4274210","PDAC",21,"Male",3.72949299684615,3.120767633,3.45593048533333,3.75865534575,3.700703785,3.802328438,3.43044921066667,4.52729699376923,4.49292130987097,7.074687144
"GSE143754","GSM4274211","PDAC",35,"Female",4.16140310853846,3.180737432,3.631709614,3.96035873525,3.65205868144444,4.63371338057143,3.82625776066667,4.74220135153846,5.06122109019355,7.298633048875
"GSE143754","GSM4274212","CP",20,"Female",3.75747020261538,3.095722621,3.53750093616667,3.734946971375,3.63246807277778,4.04480047785714,3.5782799115,4.66751868015385,4.67966432251613,7.17257864425
"GSE143754","GSM4274214","PDAC",45,"Female",3.84479352030769,3.19972771,3.33769388583333,3.588429364625,3.63352502011111,3.95071060914286,3.40076245816667,4.38166216161538,4.50989022729032,7.1827672385
"GSE143754","GSM4274216","PDAC",32,"Female",3.92992421423077,3.104821204,3.524466278,4.101151981125,3.59734933544444,4.64080689085714,3.37132193866667,4.52184066238462,4.55861761435484,7.11583185225
"GSE143754","GSM4274219","CP",27,"Male",3.65045368907692,3.11137418,3.38965018816667,3.635264808125,3.71345316388889,3.73428436457143,3.38473660216667,4.42191331023077,4.58686318458065,7.05976630925
"GSE143754","GSM4274220","CP",21,"Female",3.81214011353846,3.145326988,3.57696118566667,3.819761012125,3.74831253533333,3.92103082571429,3.6271409215,4.63117411046154,4.59438547148387,6.659837297625
