"Dataset","Comparison","Variant","Status","Samples","log2FC","SE","CI_low","CI_high","P","BH_all_genes","Residual_DF","Condition_Number","BH_exploratory_model_family"
"GSE208536","ADM_vs_Normal","Unadjusted_for_composition","Estimated",22,0.540173796189586,0.128360793444899,0.260499652605574,0.819847939773598,0.00121398088129737,NA,12,10.5431945321474,0.00388473882015157
"GSE208536","PDAC_vs_ADM","Unadjusted_for_composition","Estimated",22,-0.195274030420467,0.121773740865688,-0.460596219335201,0.0700481584942662,0.134786364960837,NA,12,10.5431945321474,0.188893389896023
"GSE208536","PDAC_vs_Normal","Unadjusted_for_composition","Estimated",22,0.344899765769118,0.121773740865688,0.0795775768543849,0.610221954683852,0.0151111063328955,NA,12,10.5431945321474,0.034539671618047
"GSE208536","ADM_vs_Normal","Plus_T_cells","Estimated",22,0.550415572164759,0.120682799509784,0.28479452136541,0.816036622964107,0.000815512194439572,NA,11,22.6103360346008,0.00326204877775829
"GSE208536","PDAC_vs_ADM","Plus_T_cells","Estimated",22,-0.170262387094562,0.1153741163235,-0.424199104981273,0.0836743307921491,0.168055332331777,NA,11,22.6103360346008,0.192063236950603
"GSE208536","PDAC_vs_Normal","Plus_T_cells","Estimated",22,0.380153185070197,0.116393290734543,0.123973279429236,0.636333090711157,0.00751695421049243,NA,11,22.6103360346008,0.0200452112279798
"GSE208536","ADM_vs_Normal","Plus_Fibroblasts","Required score failed marker coverage or variance rule",22,NA,NA,NA,NA,NA,NA,NA,NA,NA
"GSE208536","PDAC_vs_ADM","Plus_Fibroblasts","Required score failed marker coverage or variance rule",22,NA,NA,NA,NA,NA,NA,NA,NA,NA
"GSE208536","PDAC_vs_Normal","Plus_Fibroblasts","Required score failed marker coverage or variance rule",22,NA,NA,NA,NA,NA,NA,NA,NA,NA
"GSE208536","ADM_vs_Normal","Plus_both","Required score failed marker coverage or variance rule",22,NA,NA,NA,NA,NA,NA,NA,NA,NA
"GSE208536","PDAC_vs_ADM","Plus_both","Required score failed marker coverage or variance rule",22,NA,NA,NA,NA,NA,NA,NA,NA,NA
"GSE208536","PDAC_vs_Normal","Plus_both","Required score failed marker coverage or variance rule",22,NA,NA,NA,NA,NA,NA,NA,NA,NA
"GSE15471","PDAC_vs_Normal","Unadjusted_for_composition","Estimated",70,0.939682251385715,0.190906815866624,0.55298775105533,1.3263767517161,1.75783509651091e-05,5.76703958006094e-05,34,57.5932661566521,9.37512051472487e-05
"GSE15471","PDAC_vs_Normal","Plus_T_cells","Estimated",70,1.00844870200396,0.173810717814784,0.656139986436996,1.36075741757093,1.20973243639751e-06,5.37564202371005e-06,33,243.566809819902,1.93557189823601e-05
"GSE15471","PDAC_vs_Normal","Plus_Fibroblasts","Estimated",70,0.00991055870008467,0.305203604826521,-0.608710266542297,0.628531383942467,0.974272047276283,0.999913045672253,33,206.672124998524,0.974272047276283
"GSE15471","PDAC_vs_Normal","Plus_both","Estimated",70,0.126684158363883,0.271845092477652,-0.424632232475846,0.678000549203612,0.64400991168848,0.999819390108703,32,240.759745507409,0.686943905801045
"GSE143754","PDAC_vs_CP","Unadjusted_for_composition","Estimated",17,0.613602869754399,0.347082332106703,-0.121721614234344,1.34892735374314,0.0959951486833733,0.842568839090813,13,165.778586942268,0.170658042103775
"GSE143754","PDAC_vs_CP","Plus_T_cells","Estimated",17,0.514386965727656,0.346938966689594,-0.224243267359998,1.25301719881531,0.158602650942272,0.99653782234502,12,155.858528206443,0.192063236950603
"GSE143754","PDAC_vs_CP","Plus_Fibroblasts","Estimated",17,0.625977494839647,0.377856245474745,-0.178552126491009,1.4305071161703,0.118102125202381,0.797319863386668,12,197.421998429784,0.188893389896023
"GSE143754","PDAC_vs_CP","Plus_both","Estimated",17,0.569006612658068,0.365941647281366,-0.21383137934697,1.35184460466311,0.141670042422018,0.871281577988497,11,209.811871839468,0.188893389896023
"GSE179248","Culture_D6_vs_D0","Unadjusted_for_composition","Estimated",28,0.585189836444241,0.088322243154617,0.399595570053766,0.770784102834716,3.25571996602382e-06,1.4599315076402e-05,13,19.1606227449179,2.60457597281906e-05
"GSE179248","Culture_D6_vs_D0","Plus_T_cells","Required score failed marker coverage or variance rule",28,NA,NA,NA,NA,NA,NA,NA,NA,NA
"GSE179248","Culture_D6_vs_D0","Plus_Fibroblasts","Estimated",28,0.417435758337499,0.201963682439724,-0.00793059279944963,0.842802109474448,0.0539590287547459,0.183838064861503,12,48.3293502262204,0.107918057509492
"GSE179248","Culture_D6_vs_D0","Plus_both","Required score failed marker coverage or variance rule",28,NA,NA,NA,NA,NA,NA,NA,NA,NA
