Figure,PDF_Pages,PDF_MD5,PNG_Width,PNG_Height,PNG_Nonwhite_Fraction,PDF_Render_Nonwhite_Fraction,Checks
bulk/PDAC_vs_CP_volcano.pdf,1,1cdde72a1a2a96dea0fb73cf8c411814,1800,1290,0.0348204134366925,0.04239212513484358,PASS
ev/EV_differential.pdf,1,d885e0bbff75f5f316917adcb1650b44,1800,1290,0.03292334194659776,0.03973300970873787,PASS
external/serum_CA19_9_nested_CV.pdf,1,ffb3bd8135f44c485cfda21f33cc8883,1950,1800,0.028888319088319087,0.035138888888888886,PASS
external/serum_fixed_marker_AUC.pdf,1,abb03c59fa7757a2f4d972ea0cef4265,2850,2040,0.036687134502923976,0.041136583790765256,PASS
external/STAT1_external_forest.pdf,1,85a6609b2a49110ea362d0ee13968f06,2850,1200,0.03004327485380117,0.03699013157894737,PASS
external/tissue_direction_concordance.pdf,1,e38188abd2768c79049546d0e070aec5,3000,1200,0.07461583333333334,0.08536111111111111,PASS
integrated_tissue/spatial_tissue_state_heatmap.pdf,1,632477a281e7f1e6997fa38c0c765d1a,3000,2100,0.654204761904762,0.6555376984126984,PASS
plasma/PLCO_ROC_models.pdf,1,a87c3fb3099fec10bc067bfd2b6cb174,1800,2100,0.03612063492063492,0.0389186507936508,PASS
plasma/score_distributions.pdf,1,a37d156dc2729b6da6b9bede2f87eee5,2100,1650,0.07518037518037518,0.07818722943722944,PASS
publication/inflammatory_cohort_frozen_family.pdf,1,7694741ec324292b7fb33a89873a74f1,3000,1620,0.05148415637860082,0.05992272024729521,PASS
publication/STAT1_composition_sensitivity.pdf,1,ce6037f71a86750b1150a99f490a8fdc,3300,2400,0.04337449494949495,0.05241082702020202,PASS
qc/bulk_demographics.pdf,1,9be826692aaaa73c9d70cb28dd4b22a6,2100,1500,0.018062539682539683,0.02031547619047619,PASS
qc/plasma_total_counts.pdf,1,4bdaea5088caccd9b0f03f04bbfc66ea,2100,1500,0.07450603174603175,0.0750734126984127,PASS
qc/PLCO_calibration.pdf,1,301ddcb3fa43ceac59ef69a486bc59ca,2100,1800,0.04021058201058201,0.04817956349206349,PASS
secondary_ev/cohort_composition.pdf,1,631a048e161c070f0300db7c3e736513,1800,1300,0.1351431623931624,0.13958198489751888,PASS
spatial/STAT1_patient_stage.pdf,1,c88ceac90b8ed33db4bf13a4f4d9c974,1650,1200,0.053413636363636365,0.06386047979797979,PASS
