"File","MD5"
"data/source/GSE143754_series_matrix.txt.gz","812391513e22e0bafa0f515750c55b92"
"data/source/GSE208536_Processed_data.xlsx","7ace206c8a9c63645a0074847166275d"
"data/source/GSE208536_series_matrix.txt.gz","05c673f9817fd84dc1a9c795a449b3c4"
"data/source/GSE259327_Raw_counts_PDAC_203samples_new.xlsx","c436d4da838925d64e206ca9405b4dae"
"data/source/GSE259327_Raw_counts_PLCO_96samples_new.xlsx","572675bc4c2c24ed4d35cf9dfbfeb292"
"data/source/GSE259327_series_matrix.txt.gz","29440e24e33c9acdf847ab78f4638fe1"
"data/source/GSE268771_miRNA_expression_RPM.txt.gz","81dbb86bdf481ec9dcbcb33284f13901"
"data/source/GSE268771_series_matrix.txt.gz","c92b36c0596a8597d90f04aea8918029"
"data/source/GSE304572_processed_data.xlsx","424b79f22158daea880cb31d16cbbe33"
"data/source/GSE304572_series_matrix.txt.gz","3a7d49b5bdd4552dbe701e1bd19f266d"
"data/source/README.md","f20ec7d2d88fba3f5c41eb85c7d6f1ce"
"data/external/GPL18941_annotation.csv","12591fe2cf8c564265bfcf6e7f42a55a"
"data/external/GPL22763_annotation.csv","41ecc1d3a641d0e7f7e1fe5bf1ce7a93"
"data/external/GSE101462_series_matrix.txt.gz","bd8503e52d1f7058c1e2ccbc114d494e"
"data/external/GSE15471_series_matrix.txt.gz","e70fb7cfc3fb179e88152996be6bc82c"
"data/external/GSE179248_CountReads_D6_0_processed.xlsx","aa508c76b7428ba4e6e684b6eaf316f9"
"data/external/GSE179248_series_matrix.txt.gz","b8a86d78d34ee1191eedd92624fd37fb"
"data/external/GSE59856_series_matrix.txt.gz","4fc8a09af3992ddfe31c9ab52ad8fdbb"
"data/external/GSE85589_series_matrix.txt.gz","d97feeeac3cdcc014226593c3f66bd64"
"data/external/GSE91035_normalized_data_with_gene_symbol.txt.gz","8039166449e34afbf3b38f73402d4f9c"
"data/external/GSE91035_series_matrix.txt.gz","fc6498bdca652ed81e21367d71efe8b8"
"data/external/README.md","f2852989802db0286c671b34c1e0a0ca"
"data/publication/E-MTAB-1791.sdrf.txt","a8eb2f58b5c16860652d3a483ec5ca2e"
"data/publication/E-MTAB-1791_array_manifest.csv","25bb25df479f276d6a0bed8bee331bb5"
"data/publication/E-MTAB-1791_metadata.json","68c1fac4feab35e927d00cbdeeae5aab"
"data/publication/E-MTAB-1791_parser_equivalence.csv","10a389e8bcdcef8aee75e5a0c1be0aea"
"data/publication/E-MTAB-1791_primary_normalized_genes.csv.gz","09239a67d5b45910c13dbdbb55175e21"
"data/publication/E-MTAB-1791_primary_normalized_probes.csv.gz","3bf59f64cd492ebfa558ffdeea6f6740"
"data/publication/E-MTAB-1791_probe_annotation.csv","7008857b8d688e531c77b19cd69b2f71"
"data/publication/E-MTAB-1791_selected_probe_map.csv","97b28dbc38277c680ca91c63775b0642"
"data/publication/GSE208536_published_cases.csv","65878c44627cfc996a30fe6f51dea993"
"data/publication/MCPcounter_genes.txt","944af31812c3f2aa61526074604e1c77"
"data/publication/MCPcounter_signature_license.txt","b81d8958a0e14bc8028c35c3326e825f"
"data/publication/README.md","699ace3ed1bab088d2323ee5a720641a"
"data/publication/publication_download_manifest.csv","889f06d6764e4ca19dd9ff24a6858318"
"results/tables/spatial/valid_genes.txt","c06fd6776027c03ba436e5bfdcead147"
