Figure,PDF_Pages,PNG_dpi,Min_PDF_font_pt,Raster_images_in_PDF,Editable_SVG,PNG_Nonwhite_Fraction,Checks
Figure_01,1,600,8.68,0,True,0.5599,PASS
Figure_02,1,600,8.39,0,True,0.2873,PASS
Figure_03,1,600,8.5,0,True,0.5864,PASS
Figure_04,1,600,8.5,0,True,0.0391,PASS
Figure_05,1,600,8.39,0,True,0.0309,PASS
Figure_06,1,600,8.5,0,True,0.0224,PASS
Figure_07,1,600,8.5,0,True,0.0228,PASS
Figure_S01,1,600,8.5,0,True,0.0507,PASS
Figure_S02,1,600,8.5,0,True,0.029,PASS
Figure_S03,1,600,8.5,0,True,0.0709,PASS
Figure_S04,1,600,8.5,0,True,0.0685,PASS
Figure_S05,1,600,8.5,0,True,0.0214,PASS
Figure_S06,1,600,8.5,0,True,0.1672,PASS
Figure_S07,1,600,8.5,0,True,0.0565,PASS
Figure_S08,1,600,8.5,0,True,0.0225,PASS
Figure_S09,1,600,8.5,0,True,0.0335,PASS
Figure_S10,1,600,8.5,0,True,0.0529,PASS
Figure_S11,1,600,8.5,0,True,0.0259,PASS
Figure_S12,1,600,8.5,0,True,0.6476,PASS
Figure_S13,1,600,8.5,0,True,0.2053,PASS
Figure_S14,1,600,8.5,0,True,0.0649,PASS
Figure_S15,1,600,8.5,0,True,0.0588,PASS
