"GSM","Expression_ID","Diagnosis","Stage","Palliative"
"GSM8298699","EV1","PDAC","4","--"
"GSM8298700","EV2","PDAC","4","--"
"GSM8298701","EV3","PDAC","4","O"
"GSM8298702","EV4","PDAC","4","--"
"GSM8298703","EV5","PDAC","4","--"
"GSM8298704","EV6","PDAC","4","--"
"GSM8298705","EV7","PDAC","4","O"
"GSM8298706","EV8","PDAC","2","--"
"GSM8298707","EV9","PDAC","2","--"
"GSM8298708","EV10","PDAC","4","O"
"GSM8298709","EV11","PDAC","3","--"
"GSM8298710","EV12","PDAC","3","O"
"GSM8298711","EV13","PDAC","3","O"
"GSM8298712","EV14","PDAC","3","O"
"GSM8298751","EV53","healthy control","--","--"
"GSM8298713","EV15","PDAC","4","O"
"GSM8298714","EV16","PDAC","1","--"
"GSM8298715","EV17","PDAC","4","--"
"GSM8298716","EV18","PDAC","4","O"
"GSM8298717","EV19","PDAC","4","O"
"GSM8298718","EV20","PDAC","4","--"
"GSM8298719","EV21","PDAC","4","O"
"GSM8298720","EV22","PDAC","4","--"
"GSM8298721","EV23","PDAC","4","O"
"GSM8298722","EV24","PDAC","4","O"
"GSM8298723","EV25","PDAC","2","--"
"GSM8298724","EV26","PDAC","3","O"
"GSM8298725","EV27","PDAC","4","--"
"GSM8298726","EV28","PDAC","3","O"
"GSM8298727","EV29","PDAC","3","O"
"GSM8298753","EV55","benign","--","--"
"GSM8298728","EV30","PDAC","4","--"
"GSM8298729","EV31","PDAC","4","O"
"GSM8298730","EV32","PDAC","3","O"
"GSM8298731","EV33","PDAC","1","--"
"GSM8298732","EV34","PDAC","2","--"
"GSM8298733","EV35","PDAC","4","O"
"GSM8298734","EV36","PDAC","4","O"
"GSM8298735","EV37","PDAC","4","O"
"GSM8298736","EV38","PDAC","4","--"
"GSM8298737","EV39","PDAC","4","O"
"GSM8298738","EV40","PDAC","4","O"
"GSM8298739","EV41","PDAC","3","O"
"GSM8298740","EV42","PDAC","4","--"
"GSM8298741","EV43","PDAC","4","O"
"GSM8298742","EV44","PDAC","3","O"
"GSM8298743","EV45","PDAC","3","O"
"GSM8298744","EV46","PDAC","4","O"
"GSM8298745","EV47","PDAC","4","O"
"GSM8298754","EV56","benign","--","--"
"GSM8298746","EV48","PDAC","3","O"
"GSM8298755","EV57","benign","--","--"
"GSM8298747","EV49","PDAC","4","O"
"GSM8298756","EV58","benign","--","--"
"GSM8298757","EV59","benign","--","--"
"GSM8298758","EV60","benign","--","--"
"GSM8298759","EV61","benign","--","--"
"GSM8298748","EV50","PDAC","4","O"
"GSM8298749","EV51","PDAC","4","O"
"GSM8298760","EV62","benign","--","--"
"GSM8298761","EV63","benign","--","--"
"GSM8298762","EV64","benign","--","--"
"GSM8298763","EV65","benign","--","--"
"GSM8298764","EV66","benign","--","--"
"GSM8298752","EV54","healthy control","--","--"
"GSM8298750","EV52","healthy control","--","--"
