source,target,edge_type,combined_score,experimental_score,database_score,textmining_score,Original_edge_SUID
PCNA,TOP2A,Saved STRING functional association,0.789,0.224,0.0,0.394,650
FOXM1,TOP2A,Saved STRING functional association,0.927,0.292,0.0,0.718,531
FOXM1,MKI67,Saved STRING functional association,0.91,0.0,0.0,0.473,528
CENPF,MKI67,Saved STRING functional association,0.979,0.292,0.0,0.727,505
CENPF,TOP2A,Saved STRING functional association,0.974,0.0,0.0,0.804,502
CENPF,FOXM1,Saved STRING functional association,0.989,0.0,0.75,0.845,499
CCNA2,TOP2A,Saved STRING functional association,0.982,0.0,0.0,0.868,446
CCNA2,PCNA,Saved STRING functional association,0.925,0.794,0.0,0.398,443
CCNA2,MKI67,Saved STRING functional association,0.93,0.0,0.0,0.606,435
CCNA2,CENPF,Saved STRING functional association,0.944,0.0,0.0,0.68,432
CCNA2,FOXM1,Saved STRING functional association,0.985,0.0,0.5,0.901,429
CCNA2,CCNB1,Saved STRING functional association,0.995,0.588,0.4,0.889,418
MKI67,TOP2A,Saved STRING functional association,0.993,0.0,0.0,0.845,638
ANLN,TOP2A,Saved STRING functional association,0.861,0.292,0.0,0.533,312
ANLN,CENPF,Saved STRING functional association,0.842,0.292,0.0,0.515,307
ANLN,CCNA2,Saved STRING functional association,0.747,0.0,0.0,0.37,302
ANLN,MKI67,Saved STRING functional association,0.745,0.292,0.0,0.392,297
ANLN,CCNB1,Saved STRING functional association,0.86,0.0,0.0,0.657,292
CASP3,STAT1,Saved STRING functional association,0.78,0.421,0.0,0.61,400
CASP3,CCNA2,Saved STRING functional association,0.706,0.0,0.0,0.694,374
CASP3,CCNB1,Saved STRING functional association,0.798,0.0,0.0,0.772,361
CCNB1,TOP2A,Saved STRING functional association,0.989,0.052,0.0,0.925,469
CCNB1,FOXM1,Saved STRING functional association,0.988,0.535,0.5,0.863,466
CCNB1,CENPF,Saved STRING functional association,0.988,0.0,0.72,0.773,463
CCNB1,MKI67,Saved STRING functional association,0.868,0.0,0.0,0.581,455
CCNB1,PCNA,Saved STRING functional association,0.867,0.684,0.0,0.272,452
ACTB,CASP3,Saved STRING functional association,0.989,0.095,0.9,0.893,247
ACTB,ITGA2,Saved STRING functional association,0.86,0.0,0.65,0.611,242
ACTB,CCNB1,Saved STRING functional association,0.803,0.103,0.0,0.727,237
