ID,Degree,Type,EXOCARTA_Evidence
hsa-let-7a-5p,18,miRNA,Yes
hsa-let-7b-5p,18,miRNA,Yes
hsa-let-7c-5p,18,miRNA,Yes
hsa-let-7d-5p,18,miRNA,Yes
hsa-let-7e-5p,18,miRNA,Yes
hsa-let-7f-5p,18,miRNA,Yes
hsa-miR-15a-5p,18,miRNA,Yes
hsa-miR-16-5p,18,miRNA,Yes
hsa-miR-19b-3p,18,miRNA,Yes
hsa-miR-20a-5p,18,miRNA,Yes
hsa-miR-21-5p,18,miRNA,Yes
hsa-miR-26a-5p,18,miRNA,Yes
hsa-miR-98-5p,18,miRNA,Yes
hsa-miR-103a-3p,18,miRNA,Yes
hsa-miR-107,18,miRNA,Yes
hsa-miR-196a-5p,18,miRNA,Yes
hsa-miR-34a-5p,18,miRNA,Yes
hsa-miR-182-5p,18,miRNA,Yes
hsa-let-7g-5p,18,miRNA,Yes
hsa-let-7i-5p,18,miRNA,Yes
hsa-miR-124-3p,18,miRNA,Yes
hsa-miR-424-5p,18,miRNA,Yes
hsa-miR-184,1,miRNA,Yes
hsa-miR-630,1,miRNA,Yes
hsa-miR-216b-5p,1,miRNA,Yes
hsa-miR-509-3-5p,1,miRNA,Yes
hsa-miR-1908-5p,1,miRNA,Yes
hsa-miR-4756-3p,1,miRNA,Yes
hsa-miR-1306-5p,1,miRNA,Yes
hsa-miR-215-3p,1,miRNA,Yes
hsa-miR-134-3p,1,miRNA,Yes
