"name","Label","Node_Type","Total_Validated_Records","Total_Associated_PMIDs","miR107_Records","miR20a5p_Records","Evidence_Note"
"hsa-miR-107","hsa-miR-107","Final six-miRNA diagnostic-panel member",14,67,NA,NA,"Other shared hub gene"
"hsa-miR-20a-5p","hsa-miR-20a-5p","Final six-miRNA diagnostic-panel member",14,73,NA,NA,"Other shared hub gene"
"CCNB1","CCNB1","Shared stage-associated PPI hub gene",4,24,1,3,"Highest associated PMID count across both miRNAs"
"ACTB","ACTB","Shared stage-associated PPI hub gene",2,15,1,1,"Other shared hub gene"
"MKI67","MKI67","Shared stage-associated PPI hub gene",2,14,1,1,"Other shared hub gene"
"ANLN","ANLN","Shared stage-associated PPI hub gene",2,13,1,1,"Other shared hub gene"
"TOP2A","TOP2A","Shared stage-associated PPI hub gene",2,12,1,1,"Other shared hub gene"
"CASP3","CASP3","Shared stage-associated PPI hub gene",2,6,1,1,"Other shared hub gene"
"CENPF","CENPF","Shared stage-associated PPI hub gene",2,6,1,1,"Other shared hub gene"
"ITGA2","ITGA2","Shared stage-associated PPI hub gene",6,5,3,3,"Broadest curated record support across both miRNAs"
"FOXM1","FOXM1","Shared stage-associated PPI hub gene",2,5,1,1,"Other shared hub gene"
"STAT1","STAT1","Shared stage-associated PPI hub gene",2,3,1,1,"Other shared hub gene"
"CCNA2","CCNA2","Shared stage-associated PPI hub gene",1,5,1,0,"Other shared hub gene"
"PCNA","PCNA","Shared stage-associated PPI hub gene",1,5,1,0,"Other shared hub gene"
