"source","target","Interaction","MicroRNA","Gene","Validated_Record_Count","Unique_PubMed_Count","Supporting_Database_Count","Supporting_Databases","CLIP_or_HighThroughput_Present","Evidence_Tier","Edge_Width_Value","Edge_Label"
"hsa-miR-107","ACTB","Curated high-throughput miRNA-target association","hsa-miR-107","ACTB",1,13,1,"tarbase",TRUE,"Tier C: CLIP/high-throughput evidence",1,"hsa-miR-107 → ACTB | Records: 1"
"hsa-miR-107","CCNB1","Curated high-throughput miRNA-target association","hsa-miR-107","CCNB1",1,12,1,"tarbase",TRUE,"Tier C: CLIP/high-throughput evidence",1,"hsa-miR-107 → CCNB1 | Records: 1"
"hsa-miR-107","TOP2A","Curated high-throughput miRNA-target association","hsa-miR-107","TOP2A",1,8,1,"tarbase",TRUE,"Tier C: CLIP/high-throughput evidence",1,"hsa-miR-107 → TOP2A | Records: 1"
"hsa-miR-107","ANLN","Curated high-throughput miRNA-target association","hsa-miR-107","ANLN",1,5,1,"tarbase",TRUE,"Tier C: CLIP/high-throughput evidence",1,"hsa-miR-107 → ANLN | Records: 1"
"hsa-miR-107","CCNA2","Curated high-throughput miRNA-target association","hsa-miR-107","CCNA2",1,5,1,"tarbase",TRUE,"Tier C: CLIP/high-throughput evidence",1,"hsa-miR-107 → CCNA2 | Records: 1"
"hsa-miR-107","PCNA","Curated high-throughput miRNA-target association","hsa-miR-107","PCNA",1,5,1,"tarbase",TRUE,"Tier C: CLIP/high-throughput evidence",1,"hsa-miR-107 → PCNA | Records: 1"
"hsa-miR-107","FOXM1","Curated high-throughput miRNA-target association","hsa-miR-107","FOXM1",1,4,1,"tarbase",TRUE,"Tier C: CLIP/high-throughput evidence",1,"hsa-miR-107 → FOXM1 | Records: 1"
"hsa-miR-107","MKI67","Curated high-throughput miRNA-target association","hsa-miR-107","MKI67",1,4,1,"tarbase",TRUE,"Tier C: CLIP/high-throughput evidence",1,"hsa-miR-107 → MKI67 | Records: 1"
"hsa-miR-107","ITGA2","Curated high-throughput miRNA-target association","hsa-miR-107","ITGA2",3,3,2,"mirtarbase; tarbase",TRUE,"Tier C: CLIP/high-throughput evidence",3,"hsa-miR-107 → ITGA2 | Records: 3"
"hsa-miR-107","CASP3","Curated high-throughput miRNA-target association","hsa-miR-107","CASP3",1,3,1,"tarbase",TRUE,"Tier C: CLIP/high-throughput evidence",1,"hsa-miR-107 → CASP3 | Records: 1"
"hsa-miR-107","CENPF","Curated high-throughput miRNA-target association","hsa-miR-107","CENPF",1,3,1,"tarbase",TRUE,"Tier C: CLIP/high-throughput evidence",1,"hsa-miR-107 → CENPF | Records: 1"
"hsa-miR-107","STAT1","Curated high-throughput miRNA-target association","hsa-miR-107","STAT1",1,2,1,"tarbase",TRUE,"Tier C: CLIP/high-throughput evidence",1,"hsa-miR-107 → STAT1 | Records: 1"
"hsa-miR-20a-5p","CCNB1","Curated high-throughput miRNA-target association","hsa-miR-20a-5p","CCNB1",3,19,2,"mirtarbase; tarbase",TRUE,"Tier C: CLIP/high-throughput evidence",3,"hsa-miR-20a-5p → CCNB1 | Records: 3"
"hsa-miR-20a-5p","MKI67","Curated high-throughput miRNA-target association","hsa-miR-20a-5p","MKI67",1,12,1,"tarbase",TRUE,"Tier C: CLIP/high-throughput evidence",1,"hsa-miR-20a-5p → MKI67 | Records: 1"
"hsa-miR-20a-5p","ANLN","Curated high-throughput miRNA-target association","hsa-miR-20a-5p","ANLN",1,11,1,"tarbase",TRUE,"Tier C: CLIP/high-throughput evidence",1,"hsa-miR-20a-5p → ANLN | Records: 1"
"hsa-miR-20a-5p","TOP2A","Curated high-throughput miRNA-target association","hsa-miR-20a-5p","TOP2A",1,10,1,"tarbase",TRUE,"Tier C: CLIP/high-throughput evidence",1,"hsa-miR-20a-5p → TOP2A | Records: 1"
"hsa-miR-20a-5p","ACTB","Curated high-throughput miRNA-target association","hsa-miR-20a-5p","ACTB",1,6,1,"tarbase",TRUE,"Tier C: CLIP/high-throughput evidence",1,"hsa-miR-20a-5p → ACTB | Records: 1"
"hsa-miR-20a-5p","CASP3","Curated high-throughput miRNA-target association","hsa-miR-20a-5p","CASP3",1,5,1,"tarbase",TRUE,"Tier C: CLIP/high-throughput evidence",1,"hsa-miR-20a-5p → CASP3 | Records: 1"
"hsa-miR-20a-5p","CENPF","Curated high-throughput miRNA-target association","hsa-miR-20a-5p","CENPF",1,4,1,"tarbase",TRUE,"Tier C: CLIP/high-throughput evidence",1,"hsa-miR-20a-5p → CENPF | Records: 1"
"hsa-miR-20a-5p","ITGA2","Curated high-throughput miRNA-target association","hsa-miR-20a-5p","ITGA2",3,3,2,"mirtarbase; tarbase",TRUE,"Tier C: CLIP/high-throughput evidence",3,"hsa-miR-20a-5p → ITGA2 | Records: 3"
"hsa-miR-20a-5p","STAT1","Curated high-throughput miRNA-target association","hsa-miR-20a-5p","STAT1",1,2,1,"tarbase",TRUE,"Tier C: CLIP/high-throughput evidence",1,"hsa-miR-20a-5p → STAT1 | Records: 1"
"hsa-miR-20a-5p","FOXM1","Curated high-throughput miRNA-target association","hsa-miR-20a-5p","FOXM1",1,1,1,"tarbase",TRUE,"Tier C: CLIP/high-throughput evidence",1,"hsa-miR-20a-5p → FOXM1 | Records: 1"
