"","logFC","AveExpr","t","P.Value","adj.P.Val","B"
"miR-34a-5p",-0.56822769197262,1.46849903091821,-2.3945854200983,0.01888202994557,0.175322258927686,-4.90428474660655
"miR-107",-0.87190981448775,2.33879792870718,-2.35972356600929,0.0206261481091395,0.175322258927686,-4.98265856000194
"miR-15a-5p",-0.509984216463416,1.36100606002391,-1.97039565568031,0.0521131761319315,0.280061830719857,-5.78824622122876
"miR-1908-5p",-0.593978271334558,1.19198613524678,-1.86361915224098,0.0658969013458488,0.280061830719857,-5.98622669460989
"miR-21-5p",-0.619758300517855,7.43853211952318,-1.47237609504916,0.144685766171495,0.417627730840636,-6.62372790994042
"miR-20a-5p",-0.621193925912914,3.86189407360824,-1.46237947259392,0.147398022649636,0.417627730840636,-6.63816930352723
"miR-98-5p",-0.657895405254054,4.91606598950055,-1.26850234512275,0.208150358439963,0.481254314693843,-6.89964975628741
"miR-182-5p",0.171920192363166,0.281468382395362,1.21849839993191,0.226472618679455,0.481254314693843,-6.96130375370943
"miR-184",0.381040133402066,1.68846467098973,0.9139047840355,0.363403264292421,0.6701429041924,-7.28479411283872
"miR-1306-5p",-0.315367453995247,1.91998537724473,-0.856455493573279,0.394201708348471,0.6701429041924,-7.33567492968757
"miR-424-5p",-0.115740048329312,4.48529027827373,-0.314551289334849,0.753888470484054,1,-7.65453501843968
"miR-134-3p",0,0,0,1,1,-7.70447044614817
"miR-215-3p",0,0,0,1,1,-7.70447044614817
"miR-216b-5p",0,0,0,1,1,-7.70447044614817
"miR-4756-3p",0,0,0,1,1,-7.70447044614817
"miR-509-3-5p",0,0,0,1,1,-7.70447044614817
"miR-630",0,0,0,1,1,-7.70447044614817
