"logFC","AveExpr","t","P.Value","adj.P.Val","B","miRNA"
0.986868845233359,8.29773315515332,3.38907829359665,0.000986405227750917,0.251596075510704,-1.28524557700798,"miR-378a-3p"
0.42409037325897,13.5150774205583,3.28151190340411,0.00139931488934196,0.251596075510704,-1.11783938068216,"miR-423-5p"
0.724368105501698,11.6710664307618,3.15056714345198,0.00211948176968134,0.251596075510704,-1.51180511781471,"miR-185-5p"
0.661774483030866,10.7037910667767,3.12613605877982,0.00228723705009731,0.251596075510704,-1.61919358502471,"miR-143-3p"
0.732657823249554,8.35970731412014,2.8619436235237,0.00507634193649726,0.38744735563842,-2.35197789001835,"miR-107"
1.19554772340659,6.17380324058652,2.84825327498428,0.005283373031433,0.38744735563842,-2.57095287052646,"miR-141-3p"
1.28421819055844,10.650505126851,2.56290023204345,0.0121567862588466,0.764140850556072,-2.85373994319039,"miR-122-5p"
0.68132395538873,9.1550652720645,2.49876016020233,0.0140014841733916,0.770081629536537,-2.98642561411968,"miR-130b-3p"
0.985199062624946,7.37641977445607,2.4475636569084,0.0161245381703075,0.788310754992812,-3.15972911585797,"miR-34a-5p"
0.347412606228994,11.9205873398737,2.31268273364486,0.0226762357951521,0.809291120129654,-3.31507218857251,"miR-574-3p"
0.618030026397065,8.11303589990857,2.29690110020865,0.023594517844153,0.809291120129654,-3.36277137380373,"miR-21-3p"
-0.333414646048553,16.9406540157787,-2.29644646280919,0.0236214498753221,0.809291120129654,-3.5678712913017,"miR-223-3p"
0.695071615308233,9.01106053380229,2.29158929248793,0.0239108740038307,0.809291120129654,-3.35138798326,"miR-590-5p"
0.874169110437345,10.1989117511108,2.24020783839306,0.0276169134204976,0.815128451959441,-3.43684079346896,"miR-1290"
0.81154233842451,6.15725239412828,2.23105056106281,0.0277884699531628,0.815128451959441,-3.52430098055921,"miR-545-3p"
0.706195665179892,8.77544716978302,2.14950071064535,0.0338747162854065,0.892069984099085,-3.58385621362489,"miR-190a-5p"
0.643288827430257,6.29090178999036,2.14227048831848,0.0344663402947374,0.892069984099085,-3.64101471114501,"miR-940"
-0.634059972729363,7.10079795547936,-2.08749752821611,0.0392460259864264,0.904531454059964,-3.68933492089978,"miR-379-5p"
0.53568917246365,7.98670195203326,2.07401787510069,0.0405063274641577,0.904531454059964,-3.70456989312047,"miR-18a-5p"
0.626776043283183,6.48463920378068,2.03486461136489,0.0443661390208144,0.904531454059964,-3.78026493663078,"miR-33a-3p"
0.479948096548212,10.0208379851813,2.01262280473663,0.0466959083766493,0.904531454059964,-3.80008516402852,"miR-140-3p"
0.499245642122145,11.1055548191239,1.97723600608324,0.0506175816894987,0.904531454059964,-3.8809158884816,"miR-130a-3p"
0.870777147273261,6.45367691024058,1.90921496220187,0.0592012042437981,0.904531454059964,-3.94560414778603,"miR-1246"
0.649973848046942,5.62488999884365,1.89950819847353,0.0602220761803342,0.904531454059964,-3.96279964831322,"miR-376b-3p"
0.573674080003308,7.3332087830769,1.89536439248894,0.0607744964201108,0.904531454059964,-3.95452483719696,"miR-17-3p"
0.620056338321108,5.99700510546278,1.88671406379334,0.0619414226559454,0.904531454059964,-3.9740213049873,"miR-6852-5p"
0.525039074058662,6.54410206615065,1.88636551852579,0.0619888327452429,0.904531454059964,-3.9697717082595,"miR-1304-3p"
0.666422535875317,5.58057960894952,1.87096122253973,0.0641147867156246,0.904531454059964,-3.99717299460351,"miR-6858-3p"
0.506743941137111,7.66437025145242,1.86195336206691,0.0653860205427816,0.904531454059964,-3.9974612289483,"miR-877-5p"
0.865074756529277,7.07898736337541,1.86101709172875,0.0659811890282436,0.904531454059964,-4.0017070982431,"miR-3178"
0.558012969998286,7.39841022325437,1.85660399562524,0.0661508774984518,0.904531454059964,-4.0041910733178,"miR-625-5p"
1.09040081340076,7.91159493378547,1.83336484985484,0.070279035569097,0.904531454059964,-4.03746714243236,"miR-6126"
0.294275912673669,14.6052425530569,1.81831750504501,0.0718460897444736,0.904531454059964,-4.31241638045183,"miR-126-3p"
0.607706390297965,5.82002635885986,1.81743807610065,0.0719815507298672,0.904531454059964,-4.05741787960388,"miR-181a-2-3p"
-0.52632849440966,8.09088235677623,-1.80180904354373,0.0744245351449225,0.904531454059964,-4.0831778583828,"miR-10a-5p"
0.581646146067189,6.13696798015859,1.78927738026382,0.0764326523122386,0.904531454059964,-4.08837667438888,"miR-671-5p"
-0.322032373606926,10.6919296010255,-1.7708331555051,0.0794695526025923,0.904531454059964,-4.18912300341329,"miR-15b-3p"
0.579825570236658,7.25210631392827,1.76721114215554,0.0800774674429951,0.904531454059964,-4.11508855829114,"miR-152-3p"
0.579826519954126,6.1463171694765,1.74045634523577,0.0846876124526361,0.904531454059964,-4.14420845127454,"miR-381-3p"
0.609125677863042,13.0892818423161,1.73410946847158,0.0865554276277715,0.904531454059964,-4.34018161471889,"miR-3960"
0.597369766967641,6.10779347650333,1.72796478889867,0.0869134462969831,0.904531454059964,-4.15825624840249,"miR-1277-3p"
0.662190291288883,6.85835020252444,1.72252765665247,0.0878971228695901,0.904531454059964,-4.16548087031199,"miR-199b-5p"
0.641469385661905,5.92272308933268,1.67554866105298,0.0967809595125166,0.904531454059964,-4.21551399863319,"miR-188-5p"
0.529303955230933,6.07203515334639,1.67222761956947,0.0974356031223879,0.904531454059964,-4.21964616352222,"miR-3120-3p"
0.635834661472105,5.5818858596835,1.66891457309889,0.0980922430123624,0.904531454059964,-4.22214578495374,"miR-760"
0.547642918235381,5.73546345404292,1.66773756689498,0.0983263848902407,0.904531454059964,-4.22364071161688,"miR-1185-2-3p"
0.623739754661541,5.57748120656843,1.66180964376063,0.0995125169614048,0.904531454059964,-4.22962257968888,"miR-18b-5p"
0.646030218697241,5.81170295354283,1.65884325145211,0.100110401121019,0.904531454059964,-4.23306915119156,"miR-100-5p"
0.398366066990355,8.79866554922135,1.65064854263576,0.101777173552887,0.904531454059964,-4.28152323711798,"miR-425-3p"
0.618645572481331,6.990416740211,1.64421392641842,0.10310159498387,0.904531454059964,-4.25542697515912,"miR-99a-5p"
0.567101750543178,5.99280593086038,1.61672035906269,0.108917842477612,0.904531454059964,-4.27856596777727,"miR-376a-5p"
0.585484920244302,5.53021153706258,1.6110608551242,0.110147179771751,0.904531454059964,-4.28212521531613,"miR-2392"
-0.46201208966199,6.48041690180132,-1.5947240781912,0.113758246461889,0.904531454059964,-4.30976860752684,"miR-4306"
0.542473932133734,8.00670761278029,1.58844379039277,0.115171351041475,0.904531454059964,-4.33329456808563,"miR-214-3p"
0.856736687319351,6.64371097610499,1.59012442339251,0.115422327271069,0.904531454059964,-4.31130890212291,"miR-122-3p"
-0.287267027083498,12.0293989609766,-1.5799765570713,0.117098657372369,0.904531454059964,-4.52073320304471,"miR-335-5p"
0.525979967780842,6.17579979147022,1.57963063659631,0.117177938366859,0.904531454059964,-4.31807038594523,"miR-370-3p"
0.59518457036046,5.85097200811643,1.55153490851841,0.123761099612999,0.913572456009004,-4.34381869273527,"miR-1307-5p"
0.905414768315971,7.53795810536335,1.53517616658304,0.128484754300027,0.913572456009004,-4.38142339073143,"miR-184"
0.454950436787095,9.88767937689358,1.5241663080327,0.130491049405053,0.913572456009004,-4.46945144461732,"miR-301a-3p"
0.347459588943432,13.1862599423841,1.52321469637942,0.130915060922075,0.913572456009004,-4.64985782092039,"miR-17-5p"
0.490939870661533,6.33840292809544,1.51863225622278,0.131839020890988,0.913572456009004,-4.38227293975312,"miR-301b-3p"
0.399988599745171,8.36366386276441,1.5020076876541,0.136075210182793,0.913572456009004,-4.44099382448519,"miR-1307-3p"
0.367300633875672,7.39983240800242,1.48670135921426,0.140069047427454,0.913572456009004,-4.43327533210471,"miR-106a-5p"
0.508736294172017,6.35401678012536,1.48526662015238,0.140448050740379,0.913572456009004,-4.4158505589338,"miR-154-5p"
-0.411446759749694,6.30544187502343,-1.45996087681379,0.147265122834111,0.913572456009004,-4.4459739503616,"miR-1226-3p"
0.612070076608367,10.4639186750795,1.45974566015996,0.148047051180649,0.913572456009004,-4.56383061615459,"miR-144-3p"
0.448723963710281,6.12685242319445,1.45341903306716,0.149068504711409,0.913572456009004,-4.44359608520364,"miR-27b-5p"
0.284443620506124,9.92291218974936,1.44565804097901,0.15123008670984,0.913572456009004,-4.56174440661211,"miR-454-3p"
-0.423187157494417,6.57690573223246,-1.4443693836437,0.151591335113387,0.913572456009004,-4.46774898899226,"miR-539-3p"
0.428465662478383,7.46910809434111,1.44041309319677,0.152704564511115,0.913572456009004,-4.48293841140605,"miR-15a-3p"
-0.453867056498299,8.44719957706587,-1.43783446784714,0.153433532844089,0.913572456009004,-4.53095121026689,"miR-495-3p"
0.471670642189176,6.09225387886476,1.43579405625012,0.154012249744186,0.913572456009004,-4.46010124531087,"miR-487a-3p"
0.486431019296432,5.6178728442606,1.43001290402432,0.155661081803316,0.913572456009004,-4.45881892273337,"miR-3065-5p"
0.508660628600713,5.54459262437242,1.42451199297631,0.157242570599173,0.913572456009004,-4.46265723618692,"miR-130a-5p"
0.450989929424686,5.9384104273765,1.41819078834139,0.159075108721205,0.913572456009004,-4.47363668851862,"miR-30c-1-3p"
-0.315099030662839,7.7704875283046,-1.41544852365545,0.159875179801576,0.913572456009004,-4.52557028342085,"miR-16-2-3p"
0.379083997052227,7.0877830183749,1.38704730540485,0.168343787024267,0.914203009970694,-4.5254120136023,"miR-20a-3p"
0.505604937166303,6.01766898389775,1.37366032445908,0.172452041299045,0.914203009970694,-4.51552423169987,"miR-29a-5p"
0.47534662427976,6.04669417149259,1.37190098851482,0.172997560933828,0.914203009970694,-4.51747798244895,"miR-4284"
0.414989029003422,6.36560271348972,1.36945486105698,0.173758207920466,0.914203009970694,-4.52607542696415,"miR-7976"
0.538612162498112,5.95073412886972,1.36838084942582,0.174092981754116,0.914203009970694,-4.51767539072903,"miR-200b-3p"
-0.210971745916802,10.7476189071717,-1.36636077628985,0.174723970237409,0.914203009970694,-4.70818373016449,"miR-26b-5p"
-0.143744426736539,15.9554427431469,-1.3613559148369,0.176294742262144,0.914203009970694,-5.08472511625288,"miR-23a-3p"
-0.320017287842775,8.25222530189838,-1.36036374053012,0.17660739965343,0.914203009970694,-4.60108840789835,"miR-93-3p"
-0.224146900706482,11.813634162672,-1.34760716838419,0.180664708265258,0.914760419794101,-4.79442594354311,"miR-423-3p"
0.374852520361479,6.0634487350542,1.34695787366985,0.180873083004743,0.914760419794101,-4.54146076729075,"miR-548ax"
0.491424372218168,5.54018797125734,1.33493043294779,0.184765781477505,0.923828907387523,-4.54176100656019,"miR-2355-3p"
0.447168814887356,7.63265871200346,1.2956855855002,0.197904730261435,0.934993823216848,-4.62801677326727,"miR-377-3p"
-0.283837223250124,8.60229151740517,-1.29346503830208,0.198668373002912,0.934993823216848,-4.67898406915209,"miR-3613-5p"
-0.372274322257715,8.42590914363396,-1.29122989371052,0.199439240047046,0.934993823216848,-4.67922478550681,"miR-369-3p"
-0.341504471638348,9.49426130366161,-1.29097042712534,0.199528869470055,0.934993823216848,-4.72987861511649,"miR-148b-3p"
0.402532773622503,6.71639397413627,1.28002211395316,0.203338071006324,0.934993823216848,-4.61445403360584,"miR-655-3p"
-0.286735986478147,8.88021056615604,-1.26366139274332,0.209130071347169,0.934993823216848,-4.72390175822094,"miR-223-5p"
0.449224769190767,5.5575283381789,1.26351595802995,0.209182096009939,0.934993823216848,-4.60240510579545,"miR-2277-3p"
0.452625024693537,5.56454549276194,1.25452337004464,0.212417405237373,0.934993823216848,-4.60973520773524,"miR-1908-3p"
-0.195494451609263,11.7603147762543,-1.25217035374513,0.213269981749601,0.934993823216848,-4.8933932839709,"miR-374b-5p"
0.418226495142653,5.57025639661101,1.24980462656432,0.214129686540455,0.934993823216848,-4.61357193210696,"miR-584-3p"
0.455732728459801,5.56454549276194,1.24884060162557,0.214480739053272,0.934993823216848,-4.61432055233649,"miR-10a-3p"
0.603924575328662,6.54510655257861,1.24734947430808,0.215480470556489,0.934993823216848,-4.63418814777819,"miR-885-5p"
0.453843416550339,6.20345393340169,1.24063014822726,0.217487667792647,0.934993823216848,-4.6344844719078,"miR-132-3p"
0.246420701674931,9.40308973561487,1.23587590966547,0.219242816744679,0.934993823216848,-4.7600597280618,"miR-361-3p"
0.518550146231434,5.7029661948367,1.23351235043687,0.220119214008448,0.934993823216848,-4.62732459088238,"miR-455-3p"
0.420986714636081,5.56376968778712,1.23114776445876,0.220998540033073,0.934993823216848,-4.62895830905069,"miR-493-3p"
0.436479399283379,5.51287117014102,1.21607568988297,0.226663507160529,0.937676253453819,-4.63900064189479,"miR-6885-3p"
-0.261713366980798,8.61644707238351,-1.21549304234014,0.226884590249546,0.937676253453819,-4.7529921747617,"miR-30d-5p"
0.42064664540735,5.76592320238638,1.21205274424457,0.228193176252232,0.937676253453819,-4.64734017632322,"miR-1273h-3p"
0.360631095051629,6.87848529704512,1.17081570376988,0.24430429235429,0.937676253453819,-4.70963546921902,"miR-210-3p"
0.429080434968634,5.49422455248548,1.16814494529177,0.24537500512337,0.937676253453819,-4.6756875627228,"miR-92b-5p"
0.386560776978997,5.86468352689774,1.16789324047923,0.245476085999195,0.937676253453819,-4.6847420892402,"miR-154-3p"
-0.241450954804175,9.18312890952203,-1.16741075249989,0.245669928734394,0.937676253453819,-4.82818026196677,"miR-532-5p"
-0.160922031287733,13.7301299090931,-1.16633911861748,0.246100854102521,0.937676253453819,-5.13241557033369,"miR-21-5p"
-0.153662354276738,14.9114634502087,-1.16525986659127,0.24653538575109,0.937676253453819,-5.22826703803527,"miR-25-3p"
0.382653292713938,6.30206970585888,1.16248402831503,0.24765550589111,0.937676253453819,-4.6987269541914,"miR-629-5p"
0.374112201830885,5.85941930363925,1.15548124763702,0.250497344310482,0.937676253453819,-4.69344185221176,"miR-6515-3p"
0.385800876056171,5.77837079408538,1.15413286032257,0.251047182025579,0.937676253453819,-4.69328162798165,"miR-584-5p"
0.342353167970488,13.2093293352444,1.15169853047372,0.252644104412388,0.937676253453819,-5.08795167807469,"miR-142-5p"
0.346477293066052,8.88765579652461,1.13641948251881,0.258349639634746,0.937676253453819,-4.82512067606117,"miR-192-5p"
-0.323763054502027,8.35407329626942,-1.12935237150653,0.261304386909252,0.937676253453819,-4.82281689570508,"miR-494-3p"
0.346082826174159,5.96173147829781,1.11914084944462,0.265615532902494,0.937676253453819,-4.72496815414093,"miR-487a-5p"
0.403896173456468,6.83718250276335,1.11417456905432,0.267730078532599,0.937676253453819,-4.75312942332488,"miR-497-5p"
-0.440257201904177,7.43295941769875,-1.11342286827394,0.268267073865719,0.937676253453819,-4.79029661819492,"miR-4497"
0.342792486971414,7.15083148909913,1.10775409709576,0.270481142371231,0.937676253453819,-4.77070778078008,"miR-106b-5p"
-0.294410251134171,8.30563448696516,-1.08911401537397,0.278579220458236,0.937676253453819,-4.85088892059893,"miR-98-3p"
0.336193888158645,6.20514466612071,1.08780945155863,0.279152181425737,0.937676253453819,-4.75433895400303,"miR-542-3p"
0.205064871851744,10.9558574520221,1.07968467829376,0.28273885048967,0.937676253453819,-5.00230531347539,"miR-4286"
0.302984782353409,6.83825095089863,1.07754902758888,0.283686865371098,0.937676253453819,-4.78192142219383,"miR-769-5p"
0.385960629163688,5.60610425841873,1.07194976860669,0.28618273151216,0.937676253453819,-4.74860660969316,"miR-16-1-3p"
0.268720655498002,8.36394662712976,1.070377078919,0.286886455421248,0.937676253453819,-4.85541172592738,"miR-345-5p"
-0.203502293186198,9.92823677466407,-1.04962163475933,0.296284820732754,0.937676253453819,-4.97111035195356,"miR-92b-3p"
0.36417611964024,5.58904213703592,1.04811346471473,0.296975794872817,0.937676253453819,-4.76556355702387,"miR-381-5p"
0.33641329285078,6.09662500011756,1.04441936732917,0.298672874269116,0.937676253453819,-4.78245405234724,"miR-1273h-5p"
-0.324347755974043,7.2082050315787,-1.04091864350079,0.30028716624192,0.937676253453819,-4.83891589378605,"miR-362-3p"
0.395140800843703,5.52284760433578,1.03241658485032,0.304232249212168,0.937676253453819,-4.77368839241741,"miR-1291"
0.252647405903477,7.85568241924216,1.02474797161557,0.307820415519023,0.937676253453819,-4.86339422821629,"miR-1306-5p"
-0.237850304410873,6.93075359353934,-1.01571180373718,0.312084779186263,0.937676253453819,-4.84107450915089,"miR-590-3p"
-0.354562262100262,6.04327297872671,-1.01451576668862,0.312652160324042,0.937676253453819,-4.81006990776672,"miR-204-5p"
0.361077309188101,5.79140330700955,1.01448326978116,0.312667585955129,0.937676253453819,-4.79254589119816,"miR-1271-5p"
0.340734785490067,5.5215413536018,1.01312284303649,0.313313809441246,0.937676253453819,-4.78715006136046,"miR-1179"
0.332943733588961,5.6178728442606,1.01256060389026,0.313581141850971,0.937676253453819,-4.79027521864408,"miR-624-5p"
0.358792040033038,5.53151778779656,1.01079258230715,0.314422789262116,0.937676253453819,-4.78807476615631,"miR-7-2-3p"
-0.220450782779229,9.96153988061983,-1.00854636151277,0.315494249063826,0.937676253453819,-5.00947372868399,"miR-660-5p"
0.310226994333,5.92088005884007,1.00739896230404,0.31604250238893,0.937676253453819,-4.80199345702766,"miR-744-3p"
-0.202121968092446,9.84371562545179,-1.00524357328369,0.317074110186916,0.937676253453819,-5.00559781536871,"miR-15b-5p"
-0.298804561487633,7.52989983052761,-1.00222995572798,0.318520232618241,0.937676253453819,-4.87916653124843,"miR-432-5p"
0.350084406292193,5.52594600671687,0.993125951355502,0.322915472008024,0.937676253453819,-4.8002116478788,"miR-33b-5p"
0.340814411800528,5.74984454135276,0.990588744503988,0.324147500658169,0.937676253453819,-4.80758681377958,"miR-24-2-5p"
0.317773934967348,5.86382395675433,0.989689738075808,0.32458478839688,0.937676253453819,-4.81264670506067,"miR-654-5p"
0.279486686974461,6.157946632549,0.984421903666476,0.327154951820093,0.937676253453819,-4.82520316174956,"miR-26a-1-3p"
0.195511204356522,9.39049895264289,0.983446144970447,0.327632489375251,0.937676253453819,-4.98223594815848,"miR-331-3p"
0.350958973916692,5.52594600671687,0.983371089052055,0.327669240832871,0.937676253453819,-4.80578299776758,"miR-548j-5p"
0.328448614846007,5.49422455248548,0.979865498468366,0.329388791568188,0.937676253453819,-4.80779946730325,"miR-3143"
0.326871153341352,7.13464234532754,0.9789000129541,0.329863417935196,0.937676253453819,-4.8661262372021,"miR-33a-5p"
0.214445757947597,13.4258008928681,0.978631366219617,0.330153653573856,0.937676253453819,-5.27249253285765,"miR-142-3p"
0.136413936775503,11.4773814607981,0.975857567104728,0.331362000891747,0.937676253453819,-5.12447202448031,"miR-28-3p"
0.378075529972809,5.73105880092785,0.969813058799127,0.334352501300089,0.937676253453819,-4.81892670929737,"miR-497-3p"
-0.312382463879212,9.41428540023872,-0.969691106972403,0.334579935891476,0.937676253453819,-5.01008395814483,"miR-409-3p"
0.356943402493335,6.1080221379235,0.953805262370193,0.342357275866163,0.94107294125695,-4.8420503758319,"miR-452-5p"
0.324146484918866,5.88544508658517,0.953564292848484,0.342478715889732,0.94107294125695,-4.83486300063135,"miR-221-5p"
0.314543855899918,6.53451124680692,0.952149156865616,0.343192457482907,0.94107294125695,-4.85760174680634,"miR-200c-3p"
0.352124769153677,5.53151778779656,0.948843505174844,0.344863457067761,0.94107294125695,-4.82748907989833,"miR-29b-1-5p"
-0.255132478753584,6.28791784048646,-0.943156700029243,0.34775041825765,0.94107294125695,-4.86539379710919,"miR-23c"
-0.201656423415153,7.91333401913358,-0.940411515025212,0.349149600459434,0.94107294125695,-4.94004848113268,"miR-1229-3p"
0.343754573101504,5.69817021873184,0.937253741925699,0.350763550832136,0.94107294125695,-4.83968798341666,"miR-4485-5p"
0.282545444172194,6.45183387974797,0.925631993525947,0.356744707272229,0.942657086234402,-4.87336996761691,"miR-99b-3p"
0.373559847840182,5.54885815471812,0.915091457517634,0.362225435222902,0.942657086234402,-4.84806997911491,"miR-518b"
0.344540696834688,5.53021153706258,0.911406312915143,0.364154143879008,0.942657086234402,-4.85086275487109,"miR-4485-3p"
0.316926212323213,5.69507181635075,0.907908052660449,0.36599105527002,0.942657086234402,-4.85902059214255,"miR-1301-3p"
0.309538739899456,7.21107464174434,0.900902253396043,0.369687344800231,0.942657086234402,-4.92034060880096,"miR-15a-5p"
0.295239110403904,5.86368483398496,0.898230776915889,0.371103003346829,0.942657086234402,-4.86889271684982,"miR-556-5p"
-0.130512309636783,11.6275672487789,-0.896742154644569,0.371893326750307,0.942657086234402,-5.2103879372669,"miR-328-3p"
0.288017905672528,6.02450247086538,0.894797892630045,0.372927146275288,0.942657086234402,-4.87678697148793,"miR-330-3p"
0.331727985564404,5.5172758232561,0.888474441576986,0.376301973017434,0.942657086234402,-4.86420567951424,"miR-99a-3p"
-0.166638909878203,12.6670055898548,-0.887625610807162,0.376756445042013,0.942657086234402,-5.29953852969615,"miR-27a-3p"
0.266988546181981,6.83410750619604,0.867633203106553,0.387559666060337,0.942657086234402,-4.92615583956053,"miR-380-3p"
0.28370438617768,5.66073786065138,0.861854888313869,0.390717410593837,0.942657086234402,-4.88383806589543,"miR-491-5p"
0.319152282087839,5.58057960894952,0.859220039185412,0.392162555510453,0.942657086234402,-4.88224711817587,"miR-4508"
0.325496543592501,5.90067051147484,0.85444984361346,0.394787232836113,0.942657086234402,-4.89436956474142,"miR-502-3p"
0.28563773712683,6.09318803602362,0.854177152652536,0.394937598900629,0.942657086234402,-4.9034007549669,"miR-26a-2-3p"
0.326550912429471,5.56881102310765,0.854143791835638,0.394955996988258,0.942657086234402,-4.8849923321777,"miR-195-3p"
0.157150911826837,11.9544776289954,0.852444482449668,0.395893840714294,0.942657086234402,-5.2566334608226,"miR-29c-3p"
0.308797446910465,5.71275896141605,0.851861107372938,0.396216117975314,0.942657086234402,-4.89068678742674,"miR-589-3p"
0.333883388884343,5.58673719338916,0.851299712301482,0.39652640434224,0.942657086234402,-4.88672157485727,"miR-146a-3p"
0.296096761548117,5.5458988751064,0.849261284528419,0.397654305496741,0.942657086234402,-4.88752356542149,"miR-933"
0.281230959283925,5.69245931488278,0.843013399683527,0.401123581124411,0.942657086234402,-4.89555539283939,"miR-5010-5p"
0.357110895972826,5.53151778779656,0.839458746039481,0.403105582418956,0.942657086234402,-4.89112663588391,"miR-663a"
0.312408690134364,5.49422455248548,0.837151868312193,0.404395028207748,0.942657086234402,-4.89209519051159,"miR-4511"
0.299719022512282,5.88818147825894,0.833822228957617,0.406260560981088,0.942657086234402,-4.90611101164152,"miR-136-5p"
-0.304591295232882,6.41473064605176,-0.831184218025813,0.40774228093567,0.942657086234402,-4.94037311229497,"miR-30a-5p"
0.273521370123768,6.34295002617579,0.81980023759093,0.414173815102986,0.942657086234402,-4.93243938521395,"miR-545-5p"
0.30955930453457,6.13193297883752,0.815952933093802,0.416361091110152,0.942657086234402,-4.92249405752255,"miR-150-3p"
-0.270281991175568,6.17350452948626,-0.81342232654012,0.417803557677477,0.942657086234402,-4.93624551837162,"miR-4685-3p"
0.282262150868246,6.47582192545384,0.80345313890543,0.423515058236273,0.942657086234402,-4.94665245511675,"miR-4433b-3p"
0.189483775676558,10.0047721980141,0.796480738888581,0.427537051874092,0.942657086234402,-5.15867312600745,"miR-145-5p"
0.270014809165049,6.1129351297504,0.796205728448168,0.427696151425869,0.942657086234402,-4.93919563453476,"miR-1185-1-3p"
0.282059397933807,5.55509950432634,0.796099333749662,0.427757712464178,0.942657086234402,-4.91617432010253,"miR-23b-5p"
0.267180498256618,5.88566765662029,0.783592135019257,0.435030896509514,0.942657086234402,-4.93489585762394,"miR-485-5p"
0.213883127653218,8.36902612374215,0.781424520042804,0.436298729035816,0.942657086234402,-5.05592194794559,"miR-30e-5p"
0.287492520030198,5.58745764076319,0.780448056890862,0.436870564763535,0.942657086234402,-4.92534064086171,"miR-517a-3p"
0.287492520030198,5.58745764076319,0.780448056890862,0.436870564763535,0.942657086234402,-4.92534064086171,"miR-517b-3p"
0.308340160943364,5.64649589611091,0.777135218187746,0.438813886452873,0.942657086234402,-4.92755140580818,"miR-3200-3p"
0.265601364664002,5.85470709270298,0.766719402159007,0.444956555751831,0.942657086234402,-4.94034881405582,"miR-155-5p"
-0.226131034395268,5.96362751902452,-0.76448642584394,0.446279886288453,0.942657086234402,-4.95583422809175,"miR-628-5p"
0.252073887242589,5.95444454356408,0.762980461437923,0.447173648942524,0.942657086234402,-4.94781711302426,"miR-331-5p"
0.239206383567095,6.34853946101497,0.762364957251372,0.447539236568289,0.942657086234402,-4.96373265456164,"miR-30b-3p"
0.286397905676539,5.88501332065534,0.760754063947155,0.44849686523513,0.942657086234402,-4.94525733534491,"miR-1275"
-0.242541228504168,13.8159641573241,-0.756985279339853,0.451169986571869,0.942657086234402,-5.48839470997924,"miR-451a"
-0.203047774810822,8.68588600749356,-0.755868450633612,0.45140842421619,0.942657086234402,-5.10771091492947,"miR-148a-3p"
0.279502778364025,5.79711421085861,0.755469437559703,0.451646692354348,0.942657086234402,-4.9464876347476,"miR-500a-3p"
0.197790196403857,7.49410671542381,0.752028501284544,0.45370441688992,0.942657086234402,-5.02096982042998,"miR-574-5p"
0.238299089523988,6.06470136784393,0.745087623651961,0.457871431645514,0.942657086234402,-4.96192096796021,"miR-411-5p"
-0.23528871637819,7.66352340186197,-0.73978084020364,0.461072044408356,0.942657086234402,-5.05184243906388,"miR-136-3p"
0.273461153181597,5.52023510286781,0.736513338784055,0.463049022621665,0.942657086234402,-4.94478133593421,"miR-874-5p"
-0.19659323649726,6.79493237943354,-0.735882523479391,0.463431244115783,0.942657086234402,-5.00740510763171,"miR-378a-5p"
0.235865444911839,5.91544292177447,0.725596152826719,0.469689027562789,0.942657086234402,-4.96435236204119,"miR-503-5p"
0.25089237494429,5.63046177992334,0.722686508663603,0.471467686750105,0.942657086234402,-4.95653862285778,"miR-616-5p"
-0.216505930120396,7.77174909390973,-0.72133598051281,0.472294540055925,0.942657086234402,-5.07165669275144,"miR-654-3p"
0.193020686870952,7.23826044758535,0.718473141816622,0.474049973023693,0.942657086234402,-5.02949374456128,"miR-4446-3p"
-0.222329995400747,7.25167572628328,-0.714287915976922,0.476622798282605,0.942657086234402,-5.04255769530896,"miR-18a-3p"
0.204691098567961,7.61893304658543,0.71381181733512,0.476915965731973,0.942657086234402,-5.0528039963396,"miR-181c-5p"
-0.165954108756744,7.97935233743083,-0.713440731484065,0.477144538837486,0.942657086234402,-5.08753771498295,"miR-339-3p"
-0.214198123336831,8.6196987681959,-0.712391991780238,0.47779084658363,0.942657086234402,-5.12309265386627,"miR-10b-5p"
-0.0894391092718239,12.656252613268,-0.712324577769229,0.477832408479487,0.942657086234402,-5.41812317384498,"miR-484"
0.248148642274955,5.71110593253832,0.7062527554689,0.481584003351794,0.942657086234402,-4.96724905399943,"miR-181d-5p"
0.17496644416733,7.28089089378032,0.705515628946079,0.482040555460774,0.942657086234402,-5.03704739414042,"miR-421"
0.226044090085099,6.4092587674189,0.70185269819777,0.484312791745532,0.942909860035549,-4.99736863306357,"miR-23a-5p"
0.255718493507832,5.55456905856718,0.692848377706773,0.489923416549702,0.943668515212593,-4.96647334423176,"miR-550a-3-5p"
0.254608103655276,5.55456905856718,0.691046270543256,0.491050561057434,0.943668515212593,-4.96816055963088,"miR-501-3p"
0.241666549743556,5.62411419386882,0.690908852874869,0.491136568144736,0.943668515212593,-4.97113308439368,"miR-544a"
0.233631821016027,7.73407620519897,0.683322992604643,0.495897119656613,0.94720111176991,-5.07384654055317,"miR-4433b-5p"
-0.132036632217757,11.7122184672239,-0.670693243579358,0.503878083005636,0.94720111176991,-5.36498585233801,"miR-425-5p"
-0.175842032659065,7.76702441982916,-0.669083006995629,0.504900539722255,0.94720111176991,-5.0904178784309,"miR-3615"
0.259985086358257,5.70670127942324,0.667028253048648,0.506206861646842,0.94720111176991,-4.98317919604262,"miR-34a-3p"
0.235150358536088,5.93782462401655,0.661551839230895,0.509697312595643,0.94720111176991,-4.9953350705447,"miR-551b-3p"
0.228562678215396,5.82061216221981,0.656877740014079,0.512686475698943,0.94720111176991,-4.99292976677997,"miR-429"
0.144899706458169,8.75338296336385,0.654864227380233,0.513977000069024,0.94720111176991,-5.15260040334963,"miR-106b-3p"
-0.185257746521007,6.45443085250229,-0.65329201602044,0.514985870799466,0.94720111176991,-5.02914899867118,"miR-454-5p"
0.206364067884534,5.89054862051124,0.651053773558337,0.516423924257274,0.94720111176991,-4.9998465095503,"miR-496"
0.117828601709391,12.0155193612377,0.647039656125821,0.519008242408371,0.94720111176991,-5.39935424825701,"miR-221-3p"
0.225588281744772,5.51156491940703,0.643490848468752,0.521298619665196,0.94720111176991,-4.98769972378261,"miR-5690"
0.281155761145961,6.32804646520347,0.641547284588126,0.522660002888091,0.94720111176991,-5.01935448969033,"miR-31-5p"
0.221352658951663,5.85044156235727,0.620021062691604,0.536577620045371,0.94720111176991,-5.01087825708436,"miR-4710"
-0.113814443948003,10.0231095331622,-0.61893391577009,0.53729085920221,0.94720111176991,-5.25893935322991,"miR-664a-3p"
0.207528203531684,5.58629051279858,0.618925936029025,0.537296096217648,0.94720111176991,-5.00092285394989,"miR-3074-3p"
-0.167624699693144,12.7518067184786,-0.616854595588238,0.538923091849926,0.94720111176991,-5.4915372382168,"miR-22-3p"
-0.144946137194177,8.86345951090101,-0.61347667453671,0.540878449970002,0.94720111176991,-5.19026844120837,"miR-130b-5p"
0.209232977075064,5.68509538215598,0.610193330734516,0.543042755473568,0.94720111176991,-5.00783625741917,"miR-1249-3p"
0.215577252492344,5.94924643171468,0.609608166395437,0.543428941320718,0.94720111176991,-5.01703133662041,"miR-1297"
-0.118615544071855,8.77342668090302,-0.608388548066162,0.544234287665702,0.94720111176991,-5.181798046624,"miR-576-5p"
0.209887044694172,5.70471912616126,0.600373796268252,0.549541566453793,0.94720111176991,-5.01258091316662,"miR-6721-5p"
0.166040723264153,6.57548991724251,0.594554161069899,0.553411415511177,0.94720111176991,-5.05363036815671,"miR-877-3p"
-0.142376622161043,10.7162234055971,-0.592913017234672,0.554505160457081,0.94720111176991,-5.33641776136071,"miR-424-5p"
0.222626007267684,5.57190942548874,0.588450726321409,0.557484477863179,0.94720111176991,-5.0114051721089,"miR-519d-3p"
0.251947702917423,6.17821918799418,0.588432473678131,0.557567901578301,0.94720111176991,-5.03609502489956,"miR-483-5p"
-0.183779992686899,7.23106943881137,-0.585860132413193,0.559217746495265,0.94720111176991,-5.10377307859537,"miR-323a-3p"
-0.241751441338902,9.11317569471268,-0.582420901425702,0.561784670338051,0.94720111176991,-5.22112546743615,"miR-3195"
-0.194077252054253,7.16147650993927,-0.580929355721369,0.562524055831942,0.94720111176991,-5.09877628820211,"miR-369-5p"
-0.164701121885656,6.17946992638813,-0.578953958686076,0.563851329661138,0.94720111176991,-5.04869041320456,"miR-299-5p"
0.230545112174902,6.60703479052219,0.576046845301603,0.565828119872992,0.94720111176991,-5.06156705760212,"miR-3196"
0.123301331196831,9.64936820133201,0.574534101053527,0.566826572483475,0.94720111176991,-5.25139924654222,"miR-140-5p"
-0.182515859662367,7.50717276635394,-0.563670950559276,0.574171408596559,0.94720111176991,-5.12710813548755,"miR-485-3p"
0.182626916498657,6.41006288529915,0.561219697815751,0.575835058770888,0.94720111176991,-5.05929005348968,"miR-493-5p"
0.136607976781868,9.63724806153129,0.560067976415363,0.576617521366774,0.94720111176991,-5.25672087938007,"miR-20b-5p"
0.247701600242019,5.91264132340628,0.55816223563559,0.577996947732015,0.94720111176991,-5.03697610667533,"miR-206"
0.183190853489944,5.66824091614754,0.554683304754811,0.580282518264429,0.94720111176991,-5.03001201072844,"miR-433-3p"
-0.0853721593090661,10.1789690537725,-0.552942221142588,0.581469925333223,0.94720111176991,-5.30559171627347,"miR-7-1-3p"
-0.131370325954808,7.26600496571643,-0.552752610368632,0.581599308134239,0.94720111176991,-5.11309473324477,"miR-505-5p"
0.253245997932085,6.86638035611641,0.551330115270657,0.582752318337813,0.94720111176991,-5.07891856623281,"miR-8485"
0.221161693323548,5.63782571265013,0.550671611285661,0.583020194878427,0.94720111176991,-5.02923794922193,"miR-200a-3p"
0.16498056544115,6.88621158983931,0.549471734473374,0.583840205205302,0.94720111176991,-5.08876676016534,"miR-103a-2-5p"
-0.149199516307148,7.26692990780023,-0.548130347444113,0.584757569746699,0.94720111176991,-5.11661352179864,"miR-543"
0.148475437824006,8.20562617568981,0.546187611802599,0.586087395972452,0.94720111176991,-5.16545259809005,"miR-339-5p"
0.184576615018367,5.64209124299583,0.541246733278142,0.58947588277392,0.94720111176991,-5.03363339517769,"miR-3611"
-0.194486314815204,6.75737039114408,-0.540704998043463,0.589847965056717,0.94720111176991,-5.08808999288302,"miR-183-5p"
-0.0990104734045578,9.71379208713504,-0.53539760588365,0.593499055222411,0.947478788264827,-5.28392647417932,"miR-374a-5p"
0.201090271872317,5.9024234427994,0.533343875646105,0.594914679321483,0.947478788264827,-5.04622316568509,"miR-1296-5p"
0.159755372338274,6.65638223625223,0.531074208126453,0.596480964430357,0.947478788264827,-5.08276531737222,"miR-409-5p"
0.205306564512136,5.52023510286781,0.514712450881528,0.607828040109707,0.960811428065225,-5.03764458159795,"miR-200b-5p"
0.175430743951183,5.57466104972608,0.506835243437354,0.613325576193201,0.960811428065225,-5.04235574641547,"miR-5193"
-0.13468733723721,9.82004082539313,-0.506338366198323,0.613673094102018,0.960811428065225,-5.30759473527324,"miR-744-5p"
0.178402497347896,6.02803232127347,0.503577451386443,0.615605691097741,0.960811428065225,-5.06317908942015,"miR-570-3p"
0.17821812022041,5.5172758232561,0.503310382548817,0.615792778896349,0.960811428065225,-5.0414316021013,"miR-301a-5p"
-0.151716753444772,6.98648114862824,-0.488602574955428,0.626134757727507,0.963899926053361,-5.12534550124369,"miR-411-3p"
0.176891955749559,5.68674841103371,0.485899943159978,0.628043368194636,0.963899926053361,-5.05391077302042,"miR-25-5p"
-0.159681386576409,5.80762109081254,-0.483755057212749,0.629559894557268,0.963899926053361,-5.06638706836364,"miR-4687-5p"
-0.151905281328304,6.12066731799558,-0.481541276610979,0.631126795302664,0.963899926053361,-5.08347193684488,"miR-656-3p"
0.160417366821851,6.09198802173592,0.480275349602517,0.632023567828105,0.963899926053361,-5.076967422764,"miR-2355-5p"
0.177615770296233,5.61064803430318,0.479101705684019,0.632855458524912,0.963899926053361,-5.05379823222777,"miR-1197"
-0.10313654609984,8.42579688576134,-0.474951817569328,0.635800714743655,0.963899926053361,-5.21586936373905,"miR-26b-3p"
-0.169413468861527,6.40243496211408,-0.469619535201554,0.639593726144266,0.963899926053361,-5.09937028965103,"miR-139-3p"
0.161408002090472,5.73250417443121,0.46674518991131,0.641642312932338,0.963899926053361,-5.06348458398341,"miR-589-5p"
0.122492978635216,7.6208978456456,0.465678427153809,0.642403315553139,0.963899926053361,-5.16043952018858,"miR-628-3p"
-0.131305094786722,7.37147719666751,-0.46315362346504,0.644205965622209,0.963899926053361,-5.15623023622554,"miR-556-3p"
0.187112854376729,5.59186229387827,0.460828714739538,0.645867774789825,0.963899926053361,-5.05657540179397,"miR-675-3p"
0.128755085256739,6.69241211134101,0.460292808993857,0.646251086785776,0.963899926053361,-5.10832938923992,"miR-652-3p"
0.142129414291269,6.5164264011298,0.455694641890582,0.649543878703783,0.965538198073191,-5.10168028399899,"miR-379-3p"
0.162740325542599,5.61621981538287,0.447631621946835,0.655334650827831,0.968305105664415,-5.06299610146697,"miR-4500"
0.156156037283833,5.54459262437242,0.446842924967287,0.655902221900771,0.968305105664415,-5.06091570455899,"miR-939-5p"
0.146782397937045,5.95262194854258,0.441987659383746,0.659400652444839,0.968305105664415,-5.08050910819647,"miR-185-3p"
-0.0565304655559694,13.7134174085269,-0.438673911667368,0.66179270414583,0.968305105664415,-5.64789093486012,"miR-23b-3p"
0.103791433263184,8.73009877501208,0.436627225573312,0.663271871586749,0.968305105664415,-5.24609946982688,"miR-361-5p"
0.15558502691455,5.61917909499459,0.433652762117603,0.665423930315921,0.968305105664415,-5.06809105845938,"miR-6793-3p"
0.14417501689333,5.54018797125734,0.431738907868855,0.666810106855268,0.968305105664415,-5.06572489638944,"miR-4742-5p"
0.0462335068082717,12.1255872979606,0.407203421268469,0.684681626890198,0.971188720072728,-5.51342858284513,"miR-146b-5p"
-0.137670206023453,5.72844629945988,-0.404404988526408,0.686731650936442,0.971188720072728,-5.08476622636082,"miR-4732-3p"
0.159648852902742,5.88463639528727,0.404123649161863,0.686937878975184,0.971188720072728,-5.08579480369269,"miR-203a-3p"
0.148224956356497,5.60624338118811,0.40064168660204,0.689492187312956,0.971188720072728,-5.07509982325709,"miR-4662a-5p"
-0.0937500769624495,10.4182635445979,-0.397059264101353,0.692123942199858,0.971188720072728,-5.38623259992643,"miR-625-3p"
0.143845099723131,5.58745764076319,0.396445686529826,0.692575074203898,0.971188720072728,-5.07798232756898,"miR-6131"
0.132673043617704,5.8661289004011,0.395084931264984,0.693575962011519,0.971188720072728,-5.08978220949244,"miR-29b-2-5p"
-0.0968042568111324,9.24739736057283,-0.390861774741978,0.696685703630526,0.971188720072728,-5.3087974544478,"miR-22-5p"
0.0767410579155919,11.715811170246,0.386169426770736,0.7001470080559,0.971188720072728,-5.48504206937659,"miR-139-5p"
0.175334554915961,8.03779998440501,0.383775012071796,0.702078430330301,0.971188720072728,-5.20680161104629,"miR-4492"
0.19931587034934,6.0320592793363,0.380015802639041,0.704851601792063,0.971188720072728,-5.10075379183449,"miR-619-5p"
0.0858064040160875,7.79294137970851,0.379265928037827,0.705250850125735,0.971188720072728,-5.19906446742737,"miR-598-3p"
-0.0732101058416265,11.1530985992805,-0.37840438988104,0.705888746970452,0.971188720072728,-5.44897738095637,"miR-98-5p"
0.0953224121705142,10.1345313906199,0.3724711830875,0.710287462149645,0.971188720072728,-5.36177275798764,"miR-30a-3p"
0.121931650460801,5.74984454135276,0.372162011622094,0.710516943407561,0.971188720072728,-5.09118436668819,"miR-491-3p"
0.130531438227081,5.69803109596246,0.366682648333615,0.714588377510698,0.971188720072728,-5.0877378026067,"miR-3613-3p"
0.111026050649488,7.38544075858388,0.362522100562286,0.717685387193835,0.971188720072728,-5.17817314005949,"miR-337-3p"
-0.107932566846499,6.13529216210031,-0.357698871045982,0.721281576694717,0.971188720072728,-5.11677274295678,"miR-374b-3p"
0.137449429125111,5.57748120656843,0.35152260362108,0.725895720073115,0.971188720072728,-5.08683579838862,"miR-365a-3p"
0.137449429125111,5.57748120656843,0.35152260362108,0.725895720073115,0.971188720072728,-5.08683579838862,"miR-365b-3p"
0.155212806604808,6.475500266161,0.351463257524616,0.726006055151441,0.971188720072728,-5.12786302491013,"miR-205-5p"
-0.0543423540499702,13.4550781134568,-0.35042367532789,0.726717767511891,0.971188720072728,-5.6565790600836,"miR-93-5p"
-0.106018745424067,7.13233849649721,-0.345600000512843,0.730329856128711,0.971188720072728,-5.16973205259272,"miR-127-3p"
-0.0801861470307474,10.1876342798155,-0.344624109180062,0.731061369492921,0.971188720072728,-5.38158290063187,"miR-99b-5p"
-0.0579482529779475,14.1483446257232,-0.343239415952168,0.732099740196805,0.971188720072728,-5.72814590939817,"miR-19a-3p"
0.13519654424733,5.85766637231469,0.341013635207599,0.733769878238353,0.971188720072728,-5.1026551471022,"miR-95-3p"
-0.120569432184504,5.66401993064788,-0.340355113128533,0.734264252683387,0.971188720072728,-5.09800789275256,"miR-338-5p"
0.0430736132183095,15.1838709305492,0.339510447863789,0.734898534573975,0.971188720072728,-5.82004600759061,"miR-191-5p"
0.121396163471895,5.63486643303841,0.339400155521098,0.734981369612687,0.971188720072728,-5.09471156004772,"miR-665"
-0.0728603632267382,12.2148280316322,-0.339357667150836,0.735013281327769,0.971188720072728,-5.55077059261364,"miR-29a-3p"
0.119198668504609,5.56881102310765,0.316033198942204,0.752600193281642,0.991017428102583,-5.09457104988108,"miR-181b-3p"
0.0822562064673801,11.3180302078058,0.313532688681143,0.754524632759921,0.991017428102583,-5.47889798206538,"miR-326"
0.0621109719897253,8.53717522445878,0.297565967694812,0.766618201149311,0.998485429114121,-5.26736813245256,"miR-374a-3p"
-0.0315936783468119,17.5189245280691,-0.29008277215193,0.77232093520917,0.998485429114121,-5.98413933100507,"miR-126-5p"
-0.0763007942107617,8.31137413900376,-0.289601350134787,0.772688244562635,0.998485429114121,-5.26055356253358,"miR-32-5p"
0.0925498437066404,5.683789131422,0.285503507476701,0.77581684860083,0.998485429114121,-5.10644058057732,"miR-127-5p"
0.092892584600624,5.55509950432634,0.277502397607686,0.781936106841152,0.998485429114121,-5.10299568190528,"miR-7109-3p"
0.0937047675670276,5.60808007768125,0.273024415419006,0.785366884578513,0.998485429114121,-5.10792445320602,"miR-627-5p"
0.102614240466201,5.4855543690247,0.272305166838539,0.785918328624562,0.998485429114121,-5.1012054870885,"miR-6726-3p"
-0.0592463734784421,11.2050448955431,-0.270188470895376,0.787541819266954,0.998485429114121,-5.48168536436326,"miR-30b-5p"
-0.0988439916741961,5.76863028177768,-0.267413467941117,0.789671644876267,0.998485429114121,-5.11636859554263,"miR-4732-5p"
0.0835431668129048,5.75266469819511,0.266529979187656,0.790350061406426,0.998485429114121,-5.11427760852461,"miR-3940-3p"
-0.0909150693501595,6.21451373039248,-0.262884564178071,0.793151014875361,0.998485429114121,-5.13808828330872,"miR-342-5p"
0.102112048219283,5.6478021468449,0.255176791683323,0.799082156451874,0.998485429114121,-5.10911554848905,"miR-362-5p"
-0.0730810172470637,7.45689016854663,-0.252097568271151,0.801454934854957,0.998485429114121,-5.21332782707358,"miR-323b-3p"
0.0905728233412594,5.54018797125734,0.246115128999584,0.806070159406147,0.998485429114121,-5.10843265539217,"miR-30c-2-3p"
-0.0649735437738562,9.0624737070888,-0.243530577451573,0.808066174118087,0.998485429114121,-5.32096722891124,"miR-340-3p"
0.0785587273570568,6.33408649343678,0.242978155738721,0.808492966935309,0.998485429114121,-5.14334226070348,"miR-338-3p"
0.0700068839863798,7.79998810366571,0.241380854557848,0.809727342867716,0.998485429114121,-5.22972774607758,"miR-363-3p"
0.0833520542966216,5.87906461420758,0.240914646014491,0.810087714129188,0.998485429114121,-5.12321991869191,"miR-942-5p"
0.0896581545404086,6.32364181208839,0.236174904601135,0.813753758688342,0.998485429114121,-5.14548734744304,"miR-4466"
0.0387751144382725,11.2117331575979,0.234583804112885,0.814985358761018,0.998485429114121,-5.48864155358808,"miR-151a-5p"
0.0770944796195738,5.69159974473937,0.23393636645173,0.815486644390912,0.998485429114121,-5.11601719548582,"miR-335-3p"
0.0850440667057937,5.5215413536018,0.233721841192011,0.815652759806697,0.998485429114121,-5.10903053774436,"miR-7848-3p"
0.110220327414632,6.618713206665,0.231019146287573,0.817824363926343,0.998485429114121,-5.16262534653917,"miR-4516"
-0.0646746790651381,7.34288032832633,-0.228257908415939,0.819886512359862,0.998485429114121,-5.20884478416213,"miR-29c-5p"
0.0706222952736429,5.78627820652044,0.225201249712105,0.822257310954562,0.998485429114121,-5.12136305498703,"miR-766-5p"
0.0800396891362417,5.77702221969971,0.221556113505168,0.825086694729233,0.998485429114121,-5.12207550622294,"miR-125a-3p"
0.0722937901260475,5.81576082851416,0.215007406975265,0.8301756229879,0.998485429114121,-5.12637632545585,"miR-191-3p"
0.0857021137708483,5.7483991678494,0.211234578896067,0.833110744727147,0.998485429114121,-5.12061234323731,"miR-1323"
-0.0423567762514029,14.1718441083885,-0.210036060135495,0.834072283164165,0.998485429114121,-5.75570983966757,"miR-342-3p"
0.0710404629032658,5.82559813993955,0.202572420993882,0.839858453664553,0.998485429114121,-5.1272586847159,"miR-27a-5p"
0.0711919630203592,5.79270955774354,0.19711428344841,0.844116444664309,0.998485429114121,-5.12458123324105,"miR-629-3p"
-0.0458754088720864,9.40962492816296,-0.192215419008611,0.847942078847035,0.998485429114121,-5.35962289923505,"miR-28-5p"
-0.0508351756395442,8.24464490393083,-0.181547707524447,0.856285197674555,0.998485429114121,-5.27349018038729,"miR-874-3p"
0.0642508941765428,7.54569769789534,0.179286113312043,0.858056097851357,0.998485429114121,-5.22195650391603,"miR-7704"
0.0603759322864714,6.51013104590625,0.177899957706293,0.859141860570558,0.998485429114121,-5.16531043266406,"miR-382-3p"
-0.0390051784286474,8.56551339944891,-0.17252274844865,0.863356317172009,0.998485429114121,-5.29534205157882,"miR-424-3p"
-0.0477955132116197,8.74061986480752,-0.165307213435209,0.869017766108361,0.998485429114121,-5.31570069487646,"miR-382-5p"
-0.0540565357969947,6.00324335174187,-0.164721448749741,0.869477671605716,0.998485429114121,-5.14291041229772,"miR-296-5p"
0.0524537632331543,5.6880546617677,0.161537087239158,0.871978610979784,0.998485429114121,-5.12625133287627,"miR-6741-3p"
0.0593738886714979,5.72548701984816,0.160542839332657,0.87275974233468,0.998485429114121,-5.12852118138473,"miR-182-5p"
-0.0626124142452413,5.73401808053956,-0.158439502873949,0.874412643428527,0.998485429114121,-5.13054780128219,"miR-1268a"
0.0207274476552231,12.2177945905434,0.157093040273479,0.875471049651605,0.998485429114121,-5.58527609234905,"miR-30e-3p"
-0.0540422675167602,6.61626663772581,-0.153953917176498,0.877939476589272,0.998485429114121,-5.17774211713612,"miR-337-5p"
0.0297373355245088,13.0509479657634,0.153598748788903,0.878218836983634,0.998485429114121,-5.65607724930104,"miR-125a-5p"
-0.0499577132431073,6.07058977984304,-0.153132455597236,0.878585626784327,0.998485429114121,-5.14509713181987,"miR-3173-5p"
0.0459265588796366,5.7240416463448,0.145673089386718,0.884456761701156,0.998485429114121,-5.13058191558569,"miR-6810-3p"
-0.0512957461283627,5.58319211041749,-0.142017243624248,0.887336585531922,0.998485429114121,-5.12515662312454,"miR-378i"
-0.0429891833033636,6.2696156035264,-0.141469353803456,0.887768306433772,0.998485429114121,-5.15739258586561,"miR-431-5p"
-0.0466723329968939,5.87920373697695,-0.137885456391591,0.890593138308338,0.998485429114121,-5.13865397858535,"miR-1227-3p"
0.0466277194407929,7.03032690259027,0.135234141253265,0.892683816707421,0.998485429114121,-5.20179929873048,"miR-410-3p"
-0.0472808267662795,5.76704578550495,-0.133122027088637,0.894349853684357,0.998485429114121,-5.1347420109673,"miR-1468-5p"
-0.0358844370994768,7.28199859653799,-0.131733659739972,0.895445256747597,0.998485429114121,-5.2147477981715,"miR-196b-5p"
-0.0394668632273314,7.45636915438389,-0.129317311401395,0.89735220393029,0.998485429114121,-5.22932435763062,"miR-487b-3p"
0.0209223731157705,10.2452230984435,0.118499216140378,0.90589690599098,0.998485429114121,-5.43007058946506,"miR-27b-3p"
0.0331016280861379,6.60386931944328,0.114043674088603,0.909419401277343,0.998485429114121,-5.17534521172693,"miR-32-3p"
0.0375953471383146,5.52023510286781,0.105773932636111,0.915962091281601,0.998485429114121,-5.12440328680602,"miR-627-3p"
-0.0398899615046001,6.5169055114267,-0.10452243995837,0.916952736902179,0.998485429114121,-5.17119748689656,"miR-483-3p"
0.0396127367232482,5.5575283381789,0.102236455169592,0.918762593314015,0.998485429114121,-5.12735188843007,"miR-524-5p"
0.0159961419013547,13.0018278595478,0.100952754343034,0.919779110804737,0.998485429114121,-5.66159094647917,"miR-151a-3p"
0.024396130418982,7.37015489992061,0.0972181584764977,0.922737155893511,0.998485429114121,-5.22216923211205,"miR-340-5p"
0.015833325585486,12.2909982481358,0.0968632012423372,0.923018362395326,0.998485429114121,-5.59920112492035,"miR-186-5p"
0.0175412486852494,10.0467649221613,0.0949767037601115,0.924513058467579,0.998485429114121,-5.41426453106463,"miR-20a-5p"
-0.0259744197412333,16.084049310999,-0.0940362417194544,0.925303592670964,0.998485429114121,-5.94606646444513,"miR-150-5p"
-0.0283606378324384,7.4077411881258,-0.092368278042469,0.926580191713621,0.998485429114121,-5.22502965836059,"miR-134-5p"
0.0170966286223812,9.375347373683,0.0919006962661388,0.926950795908094,0.998485429114121,-5.3684324809517,"miR-151b"
0.0246884949934387,7.5394282154129,0.0918704084274327,0.926974802531636,0.998485429114121,-5.23399541482604,"miR-197-3p"
0.0240833683371494,6.93057668012599,0.0893957684179928,0.928936467436967,0.998485429114121,-5.19945449196289,"miR-1908-5p"
0.0291084423665143,5.96087589478717,0.0892516696437361,0.929050709183944,0.998485429114121,-5.14429131986281,"miR-374c-5p"
0.0258551336455756,6.59096716168035,0.0811068202470877,0.935510298753477,0.998485429114121,-5.17980749781884,"miR-539-5p"
-0.0308613088269711,9.81603790775345,-0.0795646693122465,0.936765625563557,0.998485429114121,-5.40553933622952,"miR-376c-3p"
0.0121907718107057,14.6546163249635,0.079440967528691,0.936832012823845,0.998485429114121,-5.82738041973137,"miR-146a-5p"
-0.0353837027573373,7.85310595837049,-0.0771166486109049,0.938707241345672,0.998485429114121,-5.25717512865395,"miR-4488"
0.0291601464471899,7.01989218071725,0.0769591631451255,0.93880144229629,0.998485429114121,-5.2013179548747,"miR-193a-5p"
-0.0200596046191867,10.8332418568659,-0.0692261393444141,0.944950217387899,0.998485429114121,-5.4724721713774,"miR-144-5p"
-0.0194526506806711,6.13748319335417,-0.0587137362484183,0.953290919319616,0.998485429114121,-5.15823895021538,"miR-2110"
-0.0202657900649568,5.72679327058214,-0.056679501276086,0.954907453085927,0.998485429114121,-5.13739098399966,"miR-4772-3p"
0.0188313116123387,5.89410003748237,0.0557432077353455,0.955651555707954,0.998485429114121,-5.14361844764643,"miR-1976"
0.0136571161784215,8.49111962727089,0.0551966142310581,0.956085969329673,0.998485429114121,-5.30475420166529,"miR-505-3p"
-0.0138612235000355,10.074118749138,-0.0533751680596795,0.957533686548165,0.998485429114121,-5.42686038634809,"miR-199b-3p"
0.0182036596145592,5.72809952131613,0.0528967179665275,0.957913990795067,0.998485429114121,-5.13583707920181,"miR-92a-1-5p"
-0.0186428357127741,5.89186120524469,-0.0525865732962101,0.958160519791283,0.998485429114121,-5.14504700167223,"miR-6803-3p"
-0.0170572546628101,5.54885815471812,-0.0487319420465648,0.961224835102618,0.998485429114121,-5.12884365600341,"miR-641"
0.014820883850855,6.54812615008423,0.047381760971928,0.962298328007031,0.998485429114121,-5.17489739320229,"miR-30d-3p"
-0.00568243080887632,11.4386515685679,-0.0439742968006612,0.965007815543284,0.998485429114121,-5.52784190230133,"miR-222-3p"
-0.00609809753301456,12.6058820345418,-0.0439633949669532,0.965016484946655,0.998485429114121,-5.63494749075584,"miR-1260b"
0.0119442810401043,5.63927108615349,0.0369753358052286,0.970574377033358,0.998485429114121,-5.13335881153985,"miR-6799-3p"
0.0122662869926786,5.88790323272019,0.0366981975733031,0.970794828211222,0.998485429114121,-5.14313182198269,"miR-190a-3p"
0.00979017058801936,6.3255040606085,0.0348517046477238,0.972263688430598,0.998485429114121,-5.16477063961769,"miR-671-3p"
0.009894984774179,5.92943268609452,0.0308212429525475,0.975470190895542,0.998485429114121,-5.14772132616907,"miR-1343-3p"
0.00994389936895491,6.39934453182967,0.0274759939796622,0.978131868346,0.998485429114121,-5.168231362313,"miR-642a-5p"
-0.00836405268000775,6.21204648106885,-0.0273934217901503,0.97819757089846,0.998485429114121,-5.16110181301037,"miR-652-5p"
0.00807949142731715,5.94353552786561,0.0262587292650916,0.979100458835204,0.998485429114121,-5.14782429543529,"miR-548h-3p"
0.00807949142731715,5.94353552786561,0.0262587292650916,0.979100458835204,0.998485429114121,-5.14782429543529,"miR-548z"
-0.00468068106338399,9.49364520137779,-0.0188189281870463,0.985021013353591,0.998485429114121,-5.37780094461536,"miR-324-5p"
-0.00636616974983977,5.7197761159991,-0.0185824424511137,0.985209222929711,0.998485429114121,-5.13733451416217,"miR-6734-3p"
0.0042029673838009,8.43683916467792,0.0163454323797925,0.986989609948304,0.998485429114121,-5.30038085276231,"miR-766-3p"
0.00504743885567129,5.61917909499459,0.0144272575987835,0.988516295659915,0.998485429114121,-5.13275000609622,"miR-6852-3p"
-0.00465307027852732,5.65791770380903,-0.0137603679602083,0.989047087020547,0.998485429114121,-5.1356992726352,"miR-758-3p"
-0.00236769091272396,6.9782129758514,-0.00796401179896434,0.993660709042645,0.998485429114121,-5.20651094517264,"miR-330-5p"
-0.00244106444043886,5.7240416463448,-0.00712498593180651,0.994328554975429,0.998485429114121,-5.13765588646903,"miR-19b-1-5p"
0.00193045665145009,6.01268934017747,0.00589702637326381,0.995305990611104,0.998485429114121,-5.15043552913665,"miR-3605-3p"
-0.00179600067587022,5.53151778779656,-0.00478467492512843,0.996191410297941,0.998485429114121,-5.12943770583649,"miR-4632-3p"
-0.00141144948163204,5.95968720025951,-0.00406778458897724,0.996762049819546,0.998485429114121,-5.14651292614699,"miR-195-5p"
0.000577710035996908,8.62629910215451,0.00277025789671468,0.997794875748662,0.998485429114121,-5.30723833041627,"miR-532-3p"
0.000313925394584551,12.2290962116011,0.00190272683840408,0.998485429114121,0.998485429114121,-5.60169157463305,"miR-1260a"
