"GSM","Title","Expression_ID","Group"
"GSM9153046","chronic pancreatitis, Patient: 112_487317-K-G","112_487317","CP"
"GSM9153047","chronic pancreatitis, Patient: 113_728178-L-T","113_728178","CP"
"GSM9153048","IPMN, Patient: 114_1199351-S-R","114_1199351","IPMN"
"GSM9153087","chronic pancreatitis, Patient: 68_352519-D-K","68_352519","CP"
"GSM9153088","chronic pancreatitis, Patient: 69_358213-B-J","69_358213","CP"
"GSM9153090","chronic pancreatitis, Patient: 70_326163-W-K","70_326163","CP"
"GSM9153091","chronic pancreatitis, Patient: 71_409727-R-F","71_409727","CP"
"GSM9153092","chronic pancreatitis, Patient: 72_414328-B-H","72_414328","CP"
"GSM9153093","chronic pancreatitis, Patient: 73_420668-M-E","73_420668","CP"
"GSM9153094","chronic pancreatitis, Patient: 74_423374-B-C","74_423374","CP"
"GSM9153095","chronic pancreatitis, Patient: 76_582454-F-R","76_582454","CP"
"GSM9153096","IPMN, Patient: 77_775574-W-J","77_775574","IPMN"
"GSM9153097","IPMN, Patient: 78_874173-R-M","78_874173","IPMN"
"GSM9153098","IPMN, Patient: 79_819237-H-R","79_819237","IPMN"
"GSM9153099","IPMN, Patient: 80_1065347-S-H","80_1065347","IPMN"
"GSM9153100","IPMN, Patient: 81_1069680-K-M","81_1069680","IPMN"
"GSM9153101","IPMN, Patient: 82_370751-R-H","82_370751","IPMN"
"GSM9153102","IPMN, Patient: 83_1117384-W-D","83_1117384","IPMN"
"GSM9153103","IPMN, Patient: 85_820826-W-M","85_820826","IPMN"
"GSM9153104","IPMN, Patient: 86_1170597-H-S","86_1170597","IPMN"
"GSM9153035","PDAC, Patient: 101A_527418-J-G","101A_527418","PDAC"
"GSM9153036","PDAC, Patient: 102_794409-T-W","102_794409","PDAC"
"GSM9153037","PDAC, Patient: 104A_839990-W-B","104A_839990","PDAC"
"GSM9153038","PDAC, Patient: 105_687567-E-W","105_687567","PDAC"
"GSM9153039","PDAC, Patient: 106_484897-B-H","106_484897","PDAC"
"GSM9153040","PDAC, Patient: 107_821683-S-A","107_821683","PDAC"
"GSM9153049","PDAC, Patient: 12A_503378-K-E","12A_503378","PDAC"
"GSM9153050","PDAC, Patient: 13A_531564-K-D","13A_531564","PDAC"
"GSM9153051","PDAC, Patient: 14A_494302-K-R","14A_494302","PDAC"
"GSM9153053","PDAC, Patient: 25_182326-P-W","25_182326","PDAC"
"GSM9153054","PDAC, Patient: 26_463977-F-M","26_463977","PDAC"
"GSM9153059","PDAC, Patient: 34_676718-L-K","34_676718","PDAC"
"GSM9153060","PDAC, Patient: 35_262879-K-H","35_262879","PDAC"
"GSM9153061","PDAC, Patient: 36_696332-P-A","36_696332","PDAC"
"GSM9153066","PDAC, Patient: 42_646707-G-R","42_646707","PDAC"
"GSM9153067","PDAC, Patient: 43_477816-J-M","43_477816","PDAC"
"GSM9153068","PDAC, Patient: 45_1128045-E-C","45_1128045","PDAC"
"GSM9153069","PDAC, Patient: 46_118887-G-S","46_118887","PDAC"
"GSM9153071","PDAC, Patient: 48_631346-M-R","48_631346","PDAC"
"GSM9153075","PDAC, Patient: 52_1059743-D-U","52_1059743","PDAC"
"GSM9153076","PDAC, Patient: 53_428465-P-M","53_428465","PDAC"
"GSM9153077","PDAC, Patient: 54_269480-D-I","54_269480","PDAC"
"GSM9153078","PDAC, Patient: 55_381805-H-H","55_381805","PDAC"
"GSM9153079","PDAC, Patient: 56_738667-H-I","56_738667","PDAC"
"GSM9153080","PDAC, Patient: 59_794594-W-J","59_794594","PDAC"
"GSM9153081","PDAC, Patient: 60_1082539-W-H","60_1082539","PDAC"
"GSM9153083","PDAC, Patient: 62_1083287-P-G","62_1083287","PDAC"
"GSM9153084","PDAC, Patient: 64_785889-A-M","64_785889","PDAC"
"GSM9153085","PDAC, Patient: 65_1053529-W-M","65_1053529","PDAC"
"GSM9153086","PDAC, Patient: 66_717118-M-W","66_717118","PDAC"
"GSM9153105","PDAC, Patient: 87_1169830-L-B","87_1169830","PDAC"
"GSM9153106","PDAC, Patient: 88_582169-C-P","88_582169","PDAC"
"GSM9153107","PDAC, Patient: 89_799595-Q-L","89_799595","PDAC"
"GSM9153109","PDAC, Patient: 90_1191376-M-G","90_1191376","PDAC"
"GSM9153110","PDAC, Patient: 91_852082-W-H","91_852082","PDAC"
"GSM9153111","PDAC, Patient: 92_836883-H-M","92_836883","PDAC"
"GSM9153112","PDAC, Patient: 93_1179253-B-B","93_1179253","PDAC"
"GSM9153113","PDAC, Patient: 94_601381-U-I","94_601381","PDAC"
"GSM9153114","PDAC, Patient: 95_801159-K-L","95_801159","PDAC"
"GSM9153034","PDAC, Patient: 100_631843-G-S","100_631843","PDAC"
"GSM9153041","PDAC, Patient: 108_1293913-R-C","108_1293913","PDAC"
"GSM9153042","PDAC, Patient: 109_1262197-M-B","109_1262197","PDAC"
"GSM9153043","PDAC, Patient: 10A_178621-V-S","10A_178621","PDAC"
"GSM9153044","PDAC, Patient: 110_1243999-L-R","110_1243999","PDAC"
"GSM9153045","PDAC, Patient: 111_1120124-J-E","111_1120124","PDAC"
"GSM9153052","PDAC, Patient: 24_590781-S-P","24_590781","PDAC"
"GSM9153055","PDAC, Patient: 27_778240-R-W","27_778240","PDAC"
"GSM9153056","PDAC, Patient: 28_545998-T-M","28_545998","PDAC"
"GSM9153057","PDAC, Patient: 29_1273953-K-G","29_1273953","PDAC"
"GSM9153058","PDAC, Patient: 30_683599-B-G","30_683599","PDAC"
"GSM9153062","PDAC, Patient: 37_267605-T-A","37_267605","PDAC"
"GSM9153063","PDAC, Patient: 38_677989-W-G","38_677989","PDAC"
"GSM9153064","PDAC, Patient: 40A_1215747-H-H","40A_1215747","PDAC"
"GSM9153065","PDAC, Patient: 41_713180-W-A","41_713180","PDAC"
"GSM9153070","PDAC, Patient: 47_1234814-N-M","47_1234814","PDAC"
"GSM9153072","PDAC, Patient: 49_452396-W-H","49_452396","PDAC"
"GSM9153073","PDAC, Patient: 50_675444-G-W","50_675444","PDAC"
"GSM9153074","PDAC, Patient: 51_599428-F-C","51_599428","PDAC"
"GSM9153082","PDAC, Patient: 61_601722-S-H","61_601722","PDAC"
"GSM9153089","PDAC, Patient: 6B_125779-S-S","6B_125779","PDAC"
"GSM9153108","PDAC, Patient: 8A_1124865-B-C","8A_1124865","PDAC"
"GSM9153115","PDAC, Patient: 96_1287495-U-M","96_1287495","PDAC"
"GSM9153116","PDAC, Patient: 97A_849688-P-B","97A_849688","PDAC"
"GSM9153117","PDAC, Patient: 98_107799-F-B","98_107799","PDAC"
"GSM9153118","PDAC, Patient: 99_1205421-L-S","99_1205421","PDAC"
