"miRNA","Median_PDAC","Median_Benign","Median_Difference_log2CPM","Wilcoxon_p","Detectable_Samples","BH_FDR"
"miR-141-3p",0,0,0,0.00298099310397348,32,0.477782971332662
"miR-378a-3p",8.30950152164395,7.1872882790459,1.12221324259805,0.00443342358458043,76,0.487676594303847
"miR-107",8.52435191688916,7.44702650765952,1.07732540922964,0.00805178613183366,74,0.708557179601362
"miR-185-5p",11.9298076102827,11.3006367827576,0.629170827525114,0.0130912618662891,85,0.822879317309598
"miR-143-3p",10.8131052819159,10.28082126321,0.53228401870591,0.0119927477379769,85,0.822879317309598
"miR-379-5p",0,7.46352991998581,-7.46352991998581,0.0918569185205612,45,0.863199072097824
"miR-199b-5p",6.45133781225484,0,6.45133781225484,0.0208596658437312,57,0.863199072097824
"miR-539-3p",0,5.89492899242797,-5.89492899242797,0.0768376684005242,41,0.863199072097824
"miR-4306",0,5.8438214223381,-5.8438214223381,0.180806009588445,39,0.863199072097824
"miR-139-3p",0,5.81285586268496,-5.81285586268496,0.13688938339234,40,0.863199072097824
"miR-23c",0,5.25026818795195,-5.25026818795195,0.126364494060241,38,0.863199072097824
"miR-184",6.95095793952893,2.00819471313754,4.94276322639139,0.0735671991084086,60,0.863199072097824
"miR-656-3p",0,4.76502401877887,-4.76502401877887,0.0182384515384998,31,0.863199072097824
"miR-204-5p",0,4.66400370052204,-4.66400370052204,0.192461653640533,32,0.863199072097824
"miR-2355-5p",0,4.08775098080467,-4.08775098080467,0.0608568799763649,30,0.863199072097824
"miR-629-5p",3.72683687206126,0,3.72683687206126,0.107187664218297,40,0.863199072097824
"miR-210-3p",6.03106171184569,2.30963831905687,3.72142339278882,0.159588670466834,49,0.863199072097824
"miR-2110",0,2.43318235935791,-2.43318235935791,0.138693761705003,33,0.863199072097824
"miR-6126",8.22962787359494,5.98813695361882,2.24149091997613,0.11347765712446,72,0.863199072097824
"miR-122-5p",11.0659518588116,9.1122963563521,1.95365550245954,0.026972831877105,85,0.863199072097824
