MicroRNA,Gene,Validated_Record_Count,Unique_PubMed_Count,Supporting_Database_Count,Supporting_Databases,Reporter_Assay_Present,Protein_Evidence_Present,Transcript_Evidence_Present,CLIP_or_HighThroughput_Present,Experiments,Support_Types,PubMed_IDs,Evidence_Tier,Current_interpretation,PMID_count_interpretation
hsa-miR-107,ACTB,1,13,1,tarbase,FALSE,FALSE,FALSE,TRUE,HITS-CLIP//PAR-CLIP,negative,22927820; 23313552; 24038734; 24374217; 24906430; 26061048; 26701625; 27150721; 27292025; 27418678; 28735896; 304554; 30455455,Tier C: CLIP/high-throughput evidence,Cached database annotation; not PDAC-specific functional validation,"Associated source strings, not adjudicated independent PDAC experiments"
hsa-miR-107,CCNB1,1,12,1,tarbase,FALSE,FALSE,TRUE,TRUE,PAR-CLIP//HITS-CLIP//Microarrays,negative,21572407; 21724616; 22012620; 22100165; 24038734; 24668909; 24906430; 26061048; 26701625; 27150721; 27292025; 30455455,Tier C: CLIP/high-throughput evidence,Cached database annotation; not PDAC-specific functional validation,"Associated source strings, not adjudicated independent PDAC experiments"
hsa-miR-107,TOP2A,1,8,1,tarbase,FALSE,FALSE,TRUE,TRUE,HITS-CLIP//PAR-CLIP//Microarrays,negative,21724616; 23313552; 24038734; 24668909; 24906430; 26061048; 27150721; 35269913,Tier C: CLIP/high-throughput evidence,Cached database annotation; not PDAC-specific functional validation,"Associated source strings, not adjudicated independent PDAC experiments"
hsa-miR-107,ANLN,1,5,1,tarbase,FALSE,FALSE,TRUE,TRUE,HITS-CLIP//PAR-CLIP//Microarrays,negative,21724616; 24389009; 24668909; 26061048; 27150721,Tier C: CLIP/high-throughput evidence,Cached database annotation; not PDAC-specific functional validation,"Associated source strings, not adjudicated independent PDAC experiments"
hsa-miR-107,CCNA2,1,5,1,tarbase,FALSE,FALSE,TRUE,TRUE,HITS-CLIP//PAR-CLIP//Microarrays,negative,21724616; 24038734; 26061048; 26701625; 27150721,Tier C: CLIP/high-throughput evidence,Cached database annotation; not PDAC-specific functional validation,"Associated source strings, not adjudicated independent PDAC experiments"
hsa-miR-107,PCNA,1,5,1,tarbase,FALSE,FALSE,TRUE,TRUE,HITS-CLIP//PAR-CLIP//Microarrays,negative,21724616; 24389009; 24906430; 26061048; 27292025,Tier C: CLIP/high-throughput evidence,Cached database annotation; not PDAC-specific functional validation,"Associated source strings, not adjudicated independent PDAC experiments"
hsa-miR-107,FOXM1,1,4,1,tarbase,FALSE,FALSE,TRUE,TRUE,PAR-CLIP//Microarrays,negative,21724616; 22100165; 26701625; 27292025,Tier C: CLIP/high-throughput evidence,Cached database annotation; not PDAC-specific functional validation,"Associated source strings, not adjudicated independent PDAC experiments"
hsa-miR-107,MKI67,1,4,1,tarbase,FALSE,FALSE,TRUE,TRUE,HITS-CLIP//Microarrays,negative,21724616; 24038734; 26061048; 30455455,Tier C: CLIP/high-throughput evidence,Cached database annotation; not PDAC-specific functional validation,"Associated source strings, not adjudicated independent PDAC experiments"
hsa-miR-107,ITGA2,3,3,2,mirtarbase; tarbase,FALSE,FALSE,FALSE,TRUE,HITS-CLIP | PAR-CLIP,Functional MTI (Weak) | negative,21572407; 24038734; 26061048,Tier C: CLIP/high-throughput evidence,Cached database annotation; not PDAC-specific functional validation,"Associated source strings, not adjudicated independent PDAC experiments"
hsa-miR-107,CASP3,1,3,1,tarbase,FALSE,FALSE,FALSE,TRUE,PAR-CLIP//HITS-CLIP,negative,22291592; 24389009; 27150721,Tier C: CLIP/high-throughput evidence,Cached database annotation; not PDAC-specific functional validation,"Associated source strings, not adjudicated independent PDAC experiments"
hsa-miR-107,CENPF,1,3,1,tarbase,FALSE,FALSE,TRUE,TRUE,HITS-CLIP//PAR-CLIP//Microarrays,negative,21724616; 23313552; 27292025,Tier C: CLIP/high-throughput evidence,Cached database annotation; not PDAC-specific functional validation,"Associated source strings, not adjudicated independent PDAC experiments"
hsa-miR-107,STAT1,1,2,1,tarbase,FALSE,FALSE,FALSE,TRUE,HITS-CLIP//PAR-CLIP,negative,24389009; 27292025,Tier C: CLIP/high-throughput evidence,Cached database annotation; not PDAC-specific functional validation,"Associated source strings, not adjudicated independent PDAC experiments"
hsa-miR-20a-5p,CCNB1,3,19,2,mirtarbase; tarbase,FALSE,FALSE,FALSE,TRUE,CLASH | PAR-CLIP//HITS-CLIP//qCLASH,Functional MTI (Weak) | negative,21572407; 22012620; 22100165; 22291592; 22473208; 22927820; 23024010; 23313552; 23446348; 23592263; 23622248; 23824327; 24038734; 24389009; 24668909; 24906430; 25768906; 26061048; 267016,Tier C: CLIP/high-throughput evidence,Cached database annotation; not PDAC-specific functional validation,"Associated source strings, not adjudicated independent PDAC experiments"
hsa-miR-20a-5p,MKI67,1,12,1,tarbase,FALSE,FALSE,FALSE,TRUE,PAR-CLIP//HITS-CLIP,negative,22012620; 22291592; 22927820; 23313552; 23446348; 24906430; 26061048; 26701625; 27150721; 27292025; 30455455; 33406413,Tier C: CLIP/high-throughput evidence,Cached database annotation; not PDAC-specific functional validation,"Associated source strings, not adjudicated independent PDAC experiments"
hsa-miR-20a-5p,ANLN,1,11,1,tarbase,FALSE,FALSE,TRUE,TRUE,HITS-CLIP//PAR-CLIP//qCLASH//Microarrays,negative,22751500; 23313552; 24038734; 24389009; 26061048; 27150721; 27292025; 30455455; 30742093; 33406413; 33956915,Tier C: CLIP/high-throughput evidence,Cached database annotation; not PDAC-specific functional validation,"Associated source strings, not adjudicated independent PDAC experiments"
hsa-miR-20a-5p,TOP2A,1,10,1,tarbase,FALSE,FALSE,FALSE,TRUE,PAR-CLIP//HITS-CLIP,negative,22012620; 22927820; 23313552; 23446348; 23592263; 24668909; 24906430; 26061048; 27150721; 35269913,Tier C: CLIP/high-throughput evidence,Cached database annotation; not PDAC-specific functional validation,"Associated source strings, not adjudicated independent PDAC experiments"
hsa-miR-20a-5p,ACTB,1,6,1,tarbase,FALSE,FALSE,TRUE,TRUE,HITS-CLIP//Microarrays,negative,22751500; 24906430; 26061048; 27150721; 30455455; 33406413,Tier C: CLIP/high-throughput evidence,Cached database annotation; not PDAC-specific functional validation,"Associated source strings, not adjudicated independent PDAC experiments"
hsa-miR-20a-5p,CASP3,1,5,1,tarbase,FALSE,FALSE,FALSE,TRUE,PAR-CLIP//HITS-CLIP,negative,22100165; 22291592; 26061048; 26701625; 27150721,Tier C: CLIP/high-throughput evidence,Cached database annotation; not PDAC-specific functional validation,"Associated source strings, not adjudicated independent PDAC experiments"
hsa-miR-20a-5p,CENPF,1,4,1,tarbase,FALSE,FALSE,FALSE,TRUE,HITS-CLIP,negative,23313552; 24038734; 24906430; 26061048,Tier C: CLIP/high-throughput evidence,Cached database annotation; not PDAC-specific functional validation,"Associated source strings, not adjudicated independent PDAC experiments"
hsa-miR-20a-5p,ITGA2,3,3,2,mirtarbase; tarbase,FALSE,FALSE,FALSE,TRUE,HITS-CLIP | PAR-CLIP,Functional MTI (Weak) | negative,22100165; 24374217; 26061048,Tier C: CLIP/high-throughput evidence,Cached database annotation; not PDAC-specific functional validation,"Associated source strings, not adjudicated independent PDAC experiments"
hsa-miR-20a-5p,STAT1,1,2,1,tarbase,FALSE,FALSE,FALSE,TRUE,PAR-CLIP//HITS-CLIP,negative,22291592; 24389009,Tier C: CLIP/high-throughput evidence,Cached database annotation; not PDAC-specific functional validation,"Associated source strings, not adjudicated independent PDAC experiments"
hsa-miR-20a-5p,FOXM1,1,1,1,tarbase,FALSE,FALSE,FALSE,TRUE,HITS-CLIP,negative,26061048,Tier C: CLIP/high-throughput evidence,Cached database annotation; not PDAC-specific functional validation,"Associated source strings, not adjudicated independent PDAC experiments"
hsa-miR-20a-5p,CCNA2,0,0,0,None,FALSE,FALSE,FALSE,FALSE,None,None,None,Tier E: No validated record,Cached database annotation; not PDAC-specific functional validation,"Associated source strings, not adjudicated independent PDAC experiments"
hsa-miR-20a-5p,PCNA,0,0,0,None,FALSE,FALSE,FALSE,FALSE,None,None,None,Tier E: No validated record,Cached database annotation; not PDAC-specific functional validation,"Associated source strings, not adjudicated independent PDAC experiments"
