"Patient","Condition","ROI_Count","Expression"
"P01","Normal",2,7.3721810584416
"P02","Normal",3,7.39256804929841
"P03","Normal",2,7.10766809250333
"P04","Normal",2,7.22377767647236
"P05","Normal",2,7.1606308322872
"P06","Normal",3,7.01226963275059
"P08","Normal",2,7.07150367408796
"P01","ADM",2,8.08226760364706
"P02","ADM",1,8.19139000005277
"P04","ADM",1,7.29473375803613
"P05","ADM",6,8.14359599393906
"P06","ADM",2,7.52398090683275
"P07","ADM",2,7.70661991418993
"P08","ADM",2,7.41739591576955
"P01","PDAC",2,7.51319971432782
"P02","PDAC",2,7.880837881557
"P03","PDAC",2,7.28299815035981
"P04","PDAC",2,7.17674513246428
"P05","PDAC",2,7.51348837000036
"P06","PDAC",2,7.9318854484569
"P07","PDAC",2,7.70055713146017
"P08","PDAC",2,7.36113705521376
