"Dataset","File","Directory","URL","MD5"
"GSE91035","GSE91035_series_matrix.txt.gz","matrix","https://ftp.ncbi.nlm.nih.gov/geo/series/GSE91nnn/GSE91035/matrix/GSE91035_series_matrix.txt.gz","fc6498bdca652ed81e21367d71efe8b8"
"GSE15471","GSE15471_series_matrix.txt.gz","matrix","https://ftp.ncbi.nlm.nih.gov/geo/series/GSE15nnn/GSE15471/matrix/GSE15471_series_matrix.txt.gz","e70fb7cfc3fb179e88152996be6bc82c"
"GSE179248","GSE179248_series_matrix.txt.gz","matrix","https://ftp.ncbi.nlm.nih.gov/geo/series/GSE179nnn/GSE179248/matrix/GSE179248_series_matrix.txt.gz","b8a86d78d34ee1191eedd92624fd37fb"
"GSE179248","GSE179248_CountReads_D6_0_processed.xlsx","suppl","https://ftp.ncbi.nlm.nih.gov/geo/series/GSE179nnn/GSE179248/suppl/GSE179248_CountReads_D6_0_processed.xlsx","aa508c76b7428ba4e6e684b6eaf316f9"
"GSE59856","GSE59856_series_matrix.txt.gz","matrix","https://ftp.ncbi.nlm.nih.gov/geo/series/GSE59nnn/GSE59856/matrix/GSE59856_series_matrix.txt.gz","4fc8a09af3992ddfe31c9ab52ad8fdbb"
"GSE85589","GSE85589_series_matrix.txt.gz","matrix","https://ftp.ncbi.nlm.nih.gov/geo/series/GSE85nnn/GSE85589/matrix/GSE85589_series_matrix.txt.gz","d97feeeac3cdcc014226593c3f66bd64"
"GSE91035","GSE91035_normalized_data_with_gene_symbol.txt.gz","suppl","https://ftp.ncbi.nlm.nih.gov/geo/series/GSE91nnn/GSE91035/suppl/GSE91035_normalized_data_with_gene_symbol.txt.gz","8039166449e34afbf3b38f73402d4f9c"
"GSE101462","GSE101462_series_matrix.txt.gz","matrix","https://ftp.ncbi.nlm.nih.gov/geo/series/GSE101nnn/GSE101462/matrix/GSE101462_series_matrix.txt.gz","bd8503e52d1f7058c1e2ccbc114d494e"
"GPL18941","GPL18941_family.soft.gz","soft (download cache, not committed)","https://ftp.ncbi.nlm.nih.gov/geo/platforms/GPL18nnn/GPL18941/soft/GPL18941_family.soft.gz","52b8131e7e6a4980f9996f6298eef96e"
"GPL18941","GPL18941_annotation.csv","derived platform table","https://ftp.ncbi.nlm.nih.gov/geo/platforms/GPL18nnn/GPL18941/soft/GPL18941_family.soft.gz","12591fe2cf8c564265bfcf6e7f42a55a"
"GPL22763","GPL22763_family.soft.gz","soft (download cache, not committed)","https://ftp.ncbi.nlm.nih.gov/geo/platforms/GPL22nnn/GPL22763/soft/GPL22763_family.soft.gz","9288e61794fd33adf185bc30e8206586"
"GPL22763","GPL22763_annotation.csv","derived platform table","https://ftp.ncbi.nlm.nih.gov/geo/platforms/GPL22nnn/GPL22763/soft/GPL22763_family.soft.gz","41ecc1d3a641d0e7f7e1fe5bf1ce7a93"
