"miRNA","Diagnostic_Plasma_Mean_Difference","Fixed_Direction","Historical6","Published3","EV_Candidate20"
"let-7i-5p",1.3534034540693,1,FALSE,TRUE,FALSE
"miR-107",1.23991954227889,1,TRUE,FALSE,TRUE
"miR-122-5p",0.651062482771485,1,FALSE,FALSE,TRUE
"miR-130a-3p",1.26489813961187,1,FALSE,TRUE,FALSE
"miR-134-3p",-2.21280022555323,-1,TRUE,FALSE,FALSE
"miR-139-3p",-0.0372286629362222,-1,FALSE,FALSE,TRUE
"miR-141-3p",-1.14935581372917,-1,FALSE,FALSE,TRUE
"miR-143-3p",1.35357741940567,1,FALSE,FALSE,TRUE
"miR-184",-3.26928029923618,-1,TRUE,FALSE,TRUE
"miR-185-5p",1.38713523316964,1,FALSE,FALSE,TRUE
"miR-199b-5p",-0.811929963132784,-1,FALSE,FALSE,TRUE
"miR-204-5p",-1.87296591881954,-1,FALSE,FALSE,TRUE
"miR-20a-5p",1.26893903141615,1,TRUE,FALSE,FALSE
"miR-210-3p",-0.494766861161079,-1,FALSE,FALSE,TRUE
"miR-2110",-0.873096266387217,-1,FALSE,FALSE,TRUE
"miR-215-3p",-2.63391783490798,-1,TRUE,FALSE,FALSE
"miR-216b-5p",-2.80414956992253,-1,TRUE,FALSE,FALSE
"miR-221-3p",1.75002982324987,1,FALSE,TRUE,FALSE
"miR-2355-5p",-0.578753597553857,-1,FALSE,FALSE,TRUE
"miR-23c",-0.780327921078361,-1,FALSE,FALSE,TRUE
"miR-378a-3p",-0.173104435172959,-1,FALSE,FALSE,TRUE
"miR-379-5p",-0.577116483268463,-1,FALSE,FALSE,TRUE
"miR-4306",0.306820550915448,1,FALSE,FALSE,TRUE
"miR-539-3p",-2.57911715398457,-1,FALSE,FALSE,TRUE
"miR-6126",-0.484451866180619,-1,FALSE,FALSE,TRUE
"miR-629-5p",0.449275790315409,1,FALSE,FALSE,TRUE
"miR-656-3p",-2.75277176865623,-1,FALSE,FALSE,TRUE
