"Title","GSM","Sample_status","Sample_submission_date","Sample_last_update_date","Sample_type","Sample_channel_count","Sample_source_name_ch1","Sample_organism_ch1","Sample_characteristics_ch1","Sample_characteristics_ch1.1","Sample_characteristics_ch1.2","Sample_characteristics_ch1.3","Sample_molecule_ch1","Sample_extract_protocol_ch1","Sample_label_ch1","Sample_label_protocol_ch1","Sample_taxid_ch1","Sample_hyb_protocol","Sample_scan_protocol","Sample_data_processing","Sample_platform_id","Sample_contact_name","Sample_contact_email","Sample_contact_phone","Sample_contact_department","Sample_contact_institute","Sample_contact_address","Sample_contact_city","Sample_contact_state","Sample_contact_zip/postal_code","Sample_contact_country","Sample_supplementary_file","Sample_data_row_count","State","Preservation","Chip"
"2VN","GSM2703938","Public on May 11 2018","Jul 14 2017","May 11 2018","RNA","1","normal fresh-frozen","Homo sapiens","tissue storage: fresh frozen (FF)","tissue type: normal","sentrix_id: 100965680053","sentrix_position: A","total RNA","RNA  from FF (Fresh Frozen) tissue samples was extracted with the  Universal RNA Purification Kit from Roboklon (Germany). RNA from FFPE (Formalin-Fixed Paraffin-Embedded) tissue samples was exttracted with the RNeasy FFPE Kit from Qiagen in accordance with the prescribed protocol provided with the kit. Quality control was performed with Agilent Bioanalyser.","Cy3","Biotinylated cRNA were prepared with the Ambion MessageAmp kit for Illumina arrays","9606","Ovation® FFPE WTA-Systems (NuGEN, San Carlos, USA) protocol in accordance with the standard Illumina hybridization protocol","Standard Illumina scanning protocol","All arrays were normalized together using the quantile normalization algorithm without background subtraction using Illumina's BeadStudio Data Analysis Software.","GPL10558","Hauke,,Busch","hauke.busch@uni-luebeck.de","+49-451-3101-8470","Lübeck Institute of Experimental Dermatology","University of Lübeck","Ratzeburger Allee 160","Lübeck","Schleswig-Holstein","23538","Germany","NONE","48107","normal","fresh frozen (FF)","100965680053"
"3VN","GSM2703939","Public on May 11 2018","Jul 14 2017","May 11 2018","RNA","1","normal fresh-frozen","Homo sapiens","tissue storage: fresh frozen (FF)","tissue type: normal","sentrix_id: 100965680053","sentrix_position: B","total RNA","RNA  from FF (Fresh Frozen) tissue samples was extracted with the  Universal RNA Purification Kit from Roboklon (Germany). RNA from FFPE (Formalin-Fixed Paraffin-Embedded) tissue samples was exttracted with the RNeasy FFPE Kit from Qiagen in accordance with the prescribed protocol provided with the kit. Quality control was performed with Agilent Bioanalyser.","Cy3","Biotinylated cRNA were prepared with the Ambion MessageAmp kit for Illumina arrays","9606","Ovation® FFPE WTA-Systems (NuGEN, San Carlos, USA) protocol in accordance with the standard Illumina hybridization protocol","Standard Illumina scanning protocol","All arrays were normalized together using the quantile normalization algorithm without background subtraction using Illumina's BeadStudio Data Analysis Software.","GPL10558","Hauke,,Busch","hauke.busch@uni-luebeck.de","+49-451-3101-8470","Lübeck Institute of Experimental Dermatology","University of Lübeck","Ratzeburger Allee 160","Lübeck","Schleswig-Holstein","23538","Germany","NONE","48107","normal","fresh frozen (FF)","100965680053"
"4VN","GSM2703940","Public on May 11 2018","Jul 14 2017","May 11 2018","RNA","1","normal fresh-frozen","Homo sapiens","tissue storage: fresh frozen (FF)","tissue type: normal","sentrix_id: 100965680053","sentrix_position: C","total RNA","RNA  from FF (Fresh Frozen) tissue samples was extracted with the  Universal RNA Purification Kit from Roboklon (Germany). RNA from FFPE (Formalin-Fixed Paraffin-Embedded) tissue samples was exttracted with the RNeasy FFPE Kit from Qiagen in accordance with the prescribed protocol provided with the kit. Quality control was performed with Agilent Bioanalyser.","Cy3","Biotinylated cRNA were prepared with the Ambion MessageAmp kit for Illumina arrays","9606","Ovation® FFPE WTA-Systems (NuGEN, San Carlos, USA) protocol in accordance with the standard Illumina hybridization protocol","Standard Illumina scanning protocol","All arrays were normalized together using the quantile normalization algorithm without background subtraction using Illumina's BeadStudio Data Analysis Software.","GPL10558","Hauke,,Busch","hauke.busch@uni-luebeck.de","+49-451-3101-8470","Lübeck Institute of Experimental Dermatology","University of Lübeck","Ratzeburger Allee 160","Lübeck","Schleswig-Holstein","23538","Germany","NONE","48107","normal","fresh frozen (FF)","100965680053"
"6VT","GSM2703941","Public on May 11 2018","Jul 14 2017","May 11 2018","RNA","1","PDAC fresh-frozen","Homo sapiens","tissue storage: fresh frozen (FF)","tissue type: PDAC","sentrix_id: 100965680053","sentrix_position: D","total RNA","RNA  from FF (Fresh Frozen) tissue samples was extracted with the  Universal RNA Purification Kit from Roboklon (Germany). RNA from FFPE (Formalin-Fixed Paraffin-Embedded) tissue samples was exttracted with the RNeasy FFPE Kit from Qiagen in accordance with the prescribed protocol provided with the kit. Quality control was performed with Agilent Bioanalyser.","Cy3","Biotinylated cRNA were prepared with the Ambion MessageAmp kit for Illumina arrays","9606","Ovation® FFPE WTA-Systems (NuGEN, San Carlos, USA) protocol in accordance with the standard Illumina hybridization protocol","Standard Illumina scanning protocol","All arrays were normalized together using the quantile normalization algorithm without background subtraction using Illumina's BeadStudio Data Analysis Software.","GPL10558","Hauke,,Busch","hauke.busch@uni-luebeck.de","+49-451-3101-8470","Lübeck Institute of Experimental Dermatology","University of Lübeck","Ratzeburger Allee 160","Lübeck","Schleswig-Holstein","23538","Germany","NONE","48107","PDAC","fresh frozen (FF)","100965680053"
"7VT","GSM2703942","Public on May 11 2018","Jul 14 2017","May 11 2018","RNA","1","PDAC fresh-frozen","Homo sapiens","tissue storage: fresh frozen (FF)","tissue type: PDAC","sentrix_id: 100965680053","sentrix_position: E","total RNA","RNA  from FF (Fresh Frozen) tissue samples was extracted with the  Universal RNA Purification Kit from Roboklon (Germany). RNA from FFPE (Formalin-Fixed Paraffin-Embedded) tissue samples was exttracted with the RNeasy FFPE Kit from Qiagen in accordance with the prescribed protocol provided with the kit. Quality control was performed with Agilent Bioanalyser.","Cy3","Biotinylated cRNA were prepared with the Ambion MessageAmp kit for Illumina arrays","9606","Ovation® FFPE WTA-Systems (NuGEN, San Carlos, USA) protocol in accordance with the standard Illumina hybridization protocol","Standard Illumina scanning protocol","All arrays were normalized together using the quantile normalization algorithm without background subtraction using Illumina's BeadStudio Data Analysis Software.","GPL10558","Hauke,,Busch","hauke.busch@uni-luebeck.de","+49-451-3101-8470","Lübeck Institute of Experimental Dermatology","University of Lübeck","Ratzeburger Allee 160","Lübeck","Schleswig-Holstein","23538","Germany","NONE","48107","PDAC","fresh frozen (FF)","100965680053"
"8VT","GSM2703943","Public on May 11 2018","Jul 14 2017","May 11 2018","RNA","1","PDAC fresh-frozen","Homo sapiens","tissue storage: fresh frozen (FF)","tissue type: PDAC","sentrix_id: 100965680053","sentrix_position: F","total RNA","RNA  from FF (Fresh Frozen) tissue samples was extracted with the  Universal RNA Purification Kit from Roboklon (Germany). RNA from FFPE (Formalin-Fixed Paraffin-Embedded) tissue samples was exttracted with the RNeasy FFPE Kit from Qiagen in accordance with the prescribed protocol provided with the kit. Quality control was performed with Agilent Bioanalyser.","Cy3","Biotinylated cRNA were prepared with the Ambion MessageAmp kit for Illumina arrays","9606","Ovation® FFPE WTA-Systems (NuGEN, San Carlos, USA) protocol in accordance with the standard Illumina hybridization protocol","Standard Illumina scanning protocol","All arrays were normalized together using the quantile normalization algorithm without background subtraction using Illumina's BeadStudio Data Analysis Software.","GPL10558","Hauke,,Busch","hauke.busch@uni-luebeck.de","+49-451-3101-8470","Lübeck Institute of Experimental Dermatology","University of Lübeck","Ratzeburger Allee 160","Lübeck","Schleswig-Holstein","23538","Germany","NONE","48107","PDAC","fresh frozen (FF)","100965680053"
"2VFT","GSM2703944","Public on May 11 2018","Jul 14 2017","May 11 2018","RNA","1","PDAC formalin-fixed paraffin embedded","Homo sapiens","tissue storage: formalin-fixed paraffin embedded (FFPE)","tissue type: PDAC","sentrix_id: 100965680053","sentrix_position: H","total RNA","RNA  from FF (Fresh Frozen) tissue samples was extracted with the  Universal RNA Purification Kit from Roboklon (Germany). RNA from FFPE (Formalin-Fixed Paraffin-Embedded) tissue samples was exttracted with the RNeasy FFPE Kit from Qiagen in accordance with the prescribed protocol provided with the kit. Quality control was performed with Agilent Bioanalyser.","Cy3","Biotinylated cRNA were prepared with the Ambion MessageAmp kit for Illumina arrays","9606","Ovation® FFPE WTA-Systems (NuGEN, San Carlos, USA) protocol in accordance with the standard Illumina hybridization protocol","Standard Illumina scanning protocol","All arrays were normalized together using the quantile normalization algorithm without background subtraction using Illumina's BeadStudio Data Analysis Software.","GPL10558","Hauke,,Busch","hauke.busch@uni-luebeck.de","+49-451-3101-8470","Lübeck Institute of Experimental Dermatology","University of Lübeck","Ratzeburger Allee 160","Lübeck","Schleswig-Holstein","23538","Germany","NONE","48107","PDAC","formalin-fixed paraffin embedded (FFPE)","100965680053"
"3VFT","GSM2703945","Public on May 11 2018","Jul 14 2017","May 11 2018","RNA","1","PDAC formalin-fixed paraffin embedded","Homo sapiens","tissue storage: formalin-fixed paraffin embedded (FFPE)","tissue type: PDAC","sentrix_id: 100965680053","sentrix_position: I","total RNA","RNA  from FF (Fresh Frozen) tissue samples was extracted with the  Universal RNA Purification Kit from Roboklon (Germany). RNA from FFPE (Formalin-Fixed Paraffin-Embedded) tissue samples was exttracted with the RNeasy FFPE Kit from Qiagen in accordance with the prescribed protocol provided with the kit. Quality control was performed with Agilent Bioanalyser.","Cy3","Biotinylated cRNA were prepared with the Ambion MessageAmp kit for Illumina arrays","9606","Ovation® FFPE WTA-Systems (NuGEN, San Carlos, USA) protocol in accordance with the standard Illumina hybridization protocol","Standard Illumina scanning protocol","All arrays were normalized together using the quantile normalization algorithm without background subtraction using Illumina's BeadStudio Data Analysis Software.","GPL10558","Hauke,,Busch","hauke.busch@uni-luebeck.de","+49-451-3101-8470","Lübeck Institute of Experimental Dermatology","University of Lübeck","Ratzeburger Allee 160","Lübeck","Schleswig-Holstein","23538","Germany","NONE","48107","PDAC","formalin-fixed paraffin embedded (FFPE)","100965680053"
"5VFT","GSM2703946","Public on May 11 2018","Jul 14 2017","May 11 2018","RNA","1","PDAC formalin-fixed paraffin embedded","Homo sapiens","tissue storage: formalin-fixed paraffin embedded (FFPE)","tissue type: PDAC","sentrix_id: 100965680053","sentrix_position: K","total RNA","RNA  from FF (Fresh Frozen) tissue samples was extracted with the  Universal RNA Purification Kit from Roboklon (Germany). RNA from FFPE (Formalin-Fixed Paraffin-Embedded) tissue samples was exttracted with the RNeasy FFPE Kit from Qiagen in accordance with the prescribed protocol provided with the kit. Quality control was performed with Agilent Bioanalyser.","Cy3","Biotinylated cRNA were prepared with the Ambion MessageAmp kit for Illumina arrays","9606","Ovation® FFPE WTA-Systems (NuGEN, San Carlos, USA) protocol in accordance with the standard Illumina hybridization protocol","Standard Illumina scanning protocol","All arrays were normalized together using the quantile normalization algorithm without background subtraction using Illumina's BeadStudio Data Analysis Software.","GPL10558","Hauke,,Busch","hauke.busch@uni-luebeck.de","+49-451-3101-8470","Lübeck Institute of Experimental Dermatology","University of Lübeck","Ratzeburger Allee 160","Lübeck","Schleswig-Holstein","23538","Germany","NONE","48107","PDAC","formalin-fixed paraffin embedded (FFPE)","100965680053"
"6VFT","GSM2703947","Public on May 11 2018","Jul 14 2017","May 11 2018","RNA","1","normal formalin-fixed paraffin embedded","Homo sapiens","tissue storage: formalin-fixed paraffin embedded (FFPE)","tissue type: normal","sentrix_id: 100965680053","sentrix_position: L","total RNA","RNA  from FF (Fresh Frozen) tissue samples was extracted with the  Universal RNA Purification Kit from Roboklon (Germany). RNA from FFPE (Formalin-Fixed Paraffin-Embedded) tissue samples was exttracted with the RNeasy FFPE Kit from Qiagen in accordance with the prescribed protocol provided with the kit. Quality control was performed with Agilent Bioanalyser.","Cy3","Biotinylated cRNA were prepared with the Ambion MessageAmp kit for Illumina arrays","9606","Ovation® FFPE WTA-Systems (NuGEN, San Carlos, USA) protocol in accordance with the standard Illumina hybridization protocol","Standard Illumina scanning protocol","All arrays were normalized together using the quantile normalization algorithm without background subtraction using Illumina's BeadStudio Data Analysis Software.","GPL10558","Hauke,,Busch","hauke.busch@uni-luebeck.de","+49-451-3101-8470","Lübeck Institute of Experimental Dermatology","University of Lübeck","Ratzeburger Allee 160","Lübeck","Schleswig-Holstein","23538","Germany","NONE","48107","normal","formalin-fixed paraffin embedded (FFPE)","100965680053"
"1VP","GSM2703948","Public on May 11 2018","Jul 14 2017","May 11 2018","RNA","1","pancreatitis formalin-fixed paraffin embedded","Homo sapiens","tissue storage: formalin-fixed paraffin embedded (FFPE)","tissue type: pancreatitis","sentrix_id: 100965680058","sentrix_position: B","total RNA","RNA  from FF (Fresh Frozen) tissue samples was extracted with the  Universal RNA Purification Kit from Roboklon (Germany). RNA from FFPE (Formalin-Fixed Paraffin-Embedded) tissue samples was exttracted with the RNeasy FFPE Kit from Qiagen in accordance with the prescribed protocol provided with the kit. Quality control was performed with Agilent Bioanalyser.","Cy3","Biotinylated cRNA were prepared with the Ambion MessageAmp kit for Illumina arrays","9606","Ovation® FFPE WTA-Systems (NuGEN, San Carlos, USA) protocol in accordance with the standard Illumina hybridization protocol","Standard Illumina scanning protocol","All arrays were normalized together using the quantile normalization algorithm without background subtraction using Illumina's BeadStudio Data Analysis Software.","GPL10558","Hauke,,Busch","hauke.busch@uni-luebeck.de","+49-451-3101-8470","Lübeck Institute of Experimental Dermatology","University of Lübeck","Ratzeburger Allee 160","Lübeck","Schleswig-Holstein","23538","Germany","NONE","48107","pancreatitis","formalin-fixed paraffin embedded (FFPE)","100965680058"
"2VP","GSM2703949","Public on May 11 2018","Jul 14 2017","May 11 2018","RNA","1","pancreatitis formalin-fixed paraffin embedded","Homo sapiens","tissue storage: formalin-fixed paraffin embedded (FFPE)","tissue type: pancreatitis","sentrix_id: 100965680058","sentrix_position: C","total RNA","RNA  from FF (Fresh Frozen) tissue samples was extracted with the  Universal RNA Purification Kit from Roboklon (Germany). RNA from FFPE (Formalin-Fixed Paraffin-Embedded) tissue samples was exttracted with the RNeasy FFPE Kit from Qiagen in accordance with the prescribed protocol provided with the kit. Quality control was performed with Agilent Bioanalyser.","Cy3","Biotinylated cRNA were prepared with the Ambion MessageAmp kit for Illumina arrays","9606","Ovation® FFPE WTA-Systems (NuGEN, San Carlos, USA) protocol in accordance with the standard Illumina hybridization protocol","Standard Illumina scanning protocol","All arrays were normalized together using the quantile normalization algorithm without background subtraction using Illumina's BeadStudio Data Analysis Software.","GPL10558","Hauke,,Busch","hauke.busch@uni-luebeck.de","+49-451-3101-8470","Lübeck Institute of Experimental Dermatology","University of Lübeck","Ratzeburger Allee 160","Lübeck","Schleswig-Holstein","23538","Germany","NONE","48107","pancreatitis","formalin-fixed paraffin embedded (FFPE)","100965680058"
"3VP","GSM2703950","Public on May 11 2018","Jul 14 2017","May 11 2018","RNA","1","pancreatitis formalin-fixed paraffin embedded","Homo sapiens","tissue storage: formalin-fixed paraffin embedded (FFPE)","tissue type: pancreatitis","sentrix_id: 100965680058","sentrix_position: D","total RNA","RNA  from FF (Fresh Frozen) tissue samples was extracted with the  Universal RNA Purification Kit from Roboklon (Germany). RNA from FFPE (Formalin-Fixed Paraffin-Embedded) tissue samples was exttracted with the RNeasy FFPE Kit from Qiagen in accordance with the prescribed protocol provided with the kit. Quality control was performed with Agilent Bioanalyser.","Cy3","Biotinylated cRNA were prepared with the Ambion MessageAmp kit for Illumina arrays","9606","Ovation® FFPE WTA-Systems (NuGEN, San Carlos, USA) protocol in accordance with the standard Illumina hybridization protocol","Standard Illumina scanning protocol","All arrays were normalized together using the quantile normalization algorithm without background subtraction using Illumina's BeadStudio Data Analysis Software.","GPL10558","Hauke,,Busch","hauke.busch@uni-luebeck.de","+49-451-3101-8470","Lübeck Institute of Experimental Dermatology","University of Lübeck","Ratzeburger Allee 160","Lübeck","Schleswig-Holstein","23538","Germany","NONE","48107","pancreatitis","formalin-fixed paraffin embedded (FFPE)","100965680058"
"4VP","GSM2703951","Public on May 11 2018","Jul 14 2017","May 11 2018","RNA","1","pancreatitis formalin-fixed paraffin embedded","Homo sapiens","tissue storage: formalin-fixed paraffin embedded (FFPE)","tissue type: pancreatitis","sentrix_id: 100965680058","sentrix_position: E","total RNA","RNA  from FF (Fresh Frozen) tissue samples was extracted with the  Universal RNA Purification Kit from Roboklon (Germany). RNA from FFPE (Formalin-Fixed Paraffin-Embedded) tissue samples was exttracted with the RNeasy FFPE Kit from Qiagen in accordance with the prescribed protocol provided with the kit. Quality control was performed with Agilent Bioanalyser.","Cy3","Biotinylated cRNA were prepared with the Ambion MessageAmp kit for Illumina arrays","9606","Ovation® FFPE WTA-Systems (NuGEN, San Carlos, USA) protocol in accordance with the standard Illumina hybridization protocol","Standard Illumina scanning protocol","All arrays were normalized together using the quantile normalization algorithm without background subtraction using Illumina's BeadStudio Data Analysis Software.","GPL10558","Hauke,,Busch","hauke.busch@uni-luebeck.de","+49-451-3101-8470","Lübeck Institute of Experimental Dermatology","University of Lübeck","Ratzeburger Allee 160","Lübeck","Schleswig-Holstein","23538","Germany","NONE","48107","pancreatitis","formalin-fixed paraffin embedded (FFPE)","100965680058"
"6VP","GSM2703952","Public on May 11 2018","Jul 14 2017","May 11 2018","RNA","1","pancreatitis formalin-fixed paraffin embedded","Homo sapiens","tissue storage: formalin-fixed paraffin embedded (FFPE)","tissue type: pancreatitis","sentrix_id: 100965680058","sentrix_position: G","total RNA","RNA  from FF (Fresh Frozen) tissue samples was extracted with the  Universal RNA Purification Kit from Roboklon (Germany). RNA from FFPE (Formalin-Fixed Paraffin-Embedded) tissue samples was exttracted with the RNeasy FFPE Kit from Qiagen in accordance with the prescribed protocol provided with the kit. Quality control was performed with Agilent Bioanalyser.","Cy3","Biotinylated cRNA were prepared with the Ambion MessageAmp kit for Illumina arrays","9606","Ovation® FFPE WTA-Systems (NuGEN, San Carlos, USA) protocol in accordance with the standard Illumina hybridization protocol","Standard Illumina scanning protocol","All arrays were normalized together using the quantile normalization algorithm without background subtraction using Illumina's BeadStudio Data Analysis Software.","GPL10558","Hauke,,Busch","hauke.busch@uni-luebeck.de","+49-451-3101-8470","Lübeck Institute of Experimental Dermatology","University of Lübeck","Ratzeburger Allee 160","Lübeck","Schleswig-Holstein","23538","Germany","NONE","48107","pancreatitis","formalin-fixed paraffin embedded (FFPE)","100965680058"
"7VP","GSM2703953","Public on May 11 2018","Jul 14 2017","May 11 2018","RNA","1","pancreatitis formalin-fixed paraffin embedded","Homo sapiens","tissue storage: formalin-fixed paraffin embedded (FFPE)","tissue type: pancreatitis","sentrix_id: 100965680058","sentrix_position: H","total RNA","RNA  from FF (Fresh Frozen) tissue samples was extracted with the  Universal RNA Purification Kit from Roboklon (Germany). RNA from FFPE (Formalin-Fixed Paraffin-Embedded) tissue samples was exttracted with the RNeasy FFPE Kit from Qiagen in accordance with the prescribed protocol provided with the kit. Quality control was performed with Agilent Bioanalyser.","Cy3","Biotinylated cRNA were prepared with the Ambion MessageAmp kit for Illumina arrays","9606","Ovation® FFPE WTA-Systems (NuGEN, San Carlos, USA) protocol in accordance with the standard Illumina hybridization protocol","Standard Illumina scanning protocol","All arrays were normalized together using the quantile normalization algorithm without background subtraction using Illumina's BeadStudio Data Analysis Software.","GPL10558","Hauke,,Busch","hauke.busch@uni-luebeck.de","+49-451-3101-8470","Lübeck Institute of Experimental Dermatology","University of Lübeck","Ratzeburger Allee 160","Lübeck","Schleswig-Holstein","23538","Germany","NONE","48107","pancreatitis","formalin-fixed paraffin embedded (FFPE)","100965680058"
"8VP","GSM2703954","Public on May 11 2018","Jul 14 2017","May 11 2018","RNA","1","pancreatitis formalin-fixed paraffin embedded","Homo sapiens","tissue storage: formalin-fixed paraffin embedded (FFPE)","tissue type: pancreatitis","sentrix_id: 100965680058","sentrix_position: I","total RNA","RNA  from FF (Fresh Frozen) tissue samples was extracted with the  Universal RNA Purification Kit from Roboklon (Germany). RNA from FFPE (Formalin-Fixed Paraffin-Embedded) tissue samples was exttracted with the RNeasy FFPE Kit from Qiagen in accordance with the prescribed protocol provided with the kit. Quality control was performed with Agilent Bioanalyser.","Cy3","Biotinylated cRNA were prepared with the Ambion MessageAmp kit for Illumina arrays","9606","Ovation® FFPE WTA-Systems (NuGEN, San Carlos, USA) protocol in accordance with the standard Illumina hybridization protocol","Standard Illumina scanning protocol","All arrays were normalized together using the quantile normalization algorithm without background subtraction using Illumina's BeadStudio Data Analysis Software.","GPL10558","Hauke,,Busch","hauke.busch@uni-luebeck.de","+49-451-3101-8470","Lübeck Institute of Experimental Dermatology","University of Lübeck","Ratzeburger Allee 160","Lübeck","Schleswig-Holstein","23538","Germany","NONE","48107","pancreatitis","formalin-fixed paraffin embedded (FFPE)","100965680058"
"9VP","GSM2703955","Public on May 11 2018","Jul 14 2017","May 11 2018","RNA","1","pancreatitis formalin-fixed paraffin embedded","Homo sapiens","tissue storage: formalin-fixed paraffin embedded (FFPE)","tissue type: pancreatitis","sentrix_id: 100965680058","sentrix_position: J","total RNA","RNA  from FF (Fresh Frozen) tissue samples was extracted with the  Universal RNA Purification Kit from Roboklon (Germany). RNA from FFPE (Formalin-Fixed Paraffin-Embedded) tissue samples was exttracted with the RNeasy FFPE Kit from Qiagen in accordance with the prescribed protocol provided with the kit. Quality control was performed with Agilent Bioanalyser.","Cy3","Biotinylated cRNA were prepared with the Ambion MessageAmp kit for Illumina arrays","9606","Ovation® FFPE WTA-Systems (NuGEN, San Carlos, USA) protocol in accordance with the standard Illumina hybridization protocol","Standard Illumina scanning protocol","All arrays were normalized together using the quantile normalization algorithm without background subtraction using Illumina's BeadStudio Data Analysis Software.","GPL10558","Hauke,,Busch","hauke.busch@uni-luebeck.de","+49-451-3101-8470","Lübeck Institute of Experimental Dermatology","University of Lübeck","Ratzeburger Allee 160","Lübeck","Schleswig-Holstein","23538","Germany","NONE","48107","pancreatitis","formalin-fixed paraffin embedded (FFPE)","100965680058"
"10VP","GSM2703956","Public on May 11 2018","Jul 14 2017","May 11 2018","RNA","1","pancreatitis formalin-fixed paraffin embedded","Homo sapiens","tissue storage: formalin-fixed paraffin embedded (FFPE)","tissue type: pancreatitis","sentrix_id: 100965680058","sentrix_position: K","total RNA","RNA  from FF (Fresh Frozen) tissue samples was extracted with the  Universal RNA Purification Kit from Roboklon (Germany). RNA from FFPE (Formalin-Fixed Paraffin-Embedded) tissue samples was exttracted with the RNeasy FFPE Kit from Qiagen in accordance with the prescribed protocol provided with the kit. Quality control was performed with Agilent Bioanalyser.","Cy3","Biotinylated cRNA were prepared with the Ambion MessageAmp kit for Illumina arrays","9606","Ovation® FFPE WTA-Systems (NuGEN, San Carlos, USA) protocol in accordance with the standard Illumina hybridization protocol","Standard Illumina scanning protocol","All arrays were normalized together using the quantile normalization algorithm without background subtraction using Illumina's BeadStudio Data Analysis Software.","GPL10558","Hauke,,Busch","hauke.busch@uni-luebeck.de","+49-451-3101-8470","Lübeck Institute of Experimental Dermatology","University of Lübeck","Ratzeburger Allee 160","Lübeck","Schleswig-Holstein","23538","Germany","NONE","48107","pancreatitis","formalin-fixed paraffin embedded (FFPE)","100965680058"
"11VP","GSM2703957","Public on May 11 2018","Jul 14 2017","May 11 2018","RNA","1","pancreatitis formalin-fixed paraffin embedded","Homo sapiens","tissue storage: formalin-fixed paraffin embedded (FFPE)","tissue type: pancreatitis","sentrix_id: 100965680058","sentrix_position: L","total RNA","RNA  from FF (Fresh Frozen) tissue samples was extracted with the  Universal RNA Purification Kit from Roboklon (Germany). RNA from FFPE (Formalin-Fixed Paraffin-Embedded) tissue samples was exttracted with the RNeasy FFPE Kit from Qiagen in accordance with the prescribed protocol provided with the kit. Quality control was performed with Agilent Bioanalyser.","Cy3","Biotinylated cRNA were prepared with the Ambion MessageAmp kit for Illumina arrays","9606","Ovation® FFPE WTA-Systems (NuGEN, San Carlos, USA) protocol in accordance with the standard Illumina hybridization protocol","Standard Illumina scanning protocol","All arrays were normalized together using the quantile normalization algorithm without background subtraction using Illumina's BeadStudio Data Analysis Software.","GPL10558","Hauke,,Busch","hauke.busch@uni-luebeck.de","+49-451-3101-8470","Lübeck Institute of Experimental Dermatology","University of Lübeck","Ratzeburger Allee 160","Lübeck","Schleswig-Holstein","23538","Germany","NONE","48107","pancreatitis","formalin-fixed paraffin embedded (FFPE)","100965680058"
