"Title","GSM","Sample_status","Sample_submission_date","Sample_last_update_date","Sample_type","Sample_channel_count","Sample_source_name_ch1","Sample_organism_ch1","Sample_characteristics_ch1","Sample_characteristics_ch1.1","Sample_characteristics_ch1.2","Sample_characteristics_ch1.3","Sample_characteristics_ch1.4","Sample_characteristics_ch1.5","Sample_characteristics_ch1.6","Sample_treatment_protocol_ch1","Sample_growth_protocol_ch1","Sample_molecule_ch1","Sample_extract_protocol_ch1","Sample_extract_protocol_ch1.1","Sample_taxid_ch1","Sample_description","Sample_data_processing","Sample_data_processing.1","Sample_data_processing.2","Sample_data_processing.3","Sample_data_processing.4","Sample_data_processing.5","Sample_platform_id","Sample_contact_name","Sample_contact_email","Sample_contact_laboratory","Sample_contact_department","Sample_contact_institute","Sample_contact_address","Sample_contact_city","Sample_contact_state","Sample_contact_zip/postal_code","Sample_contact_country","Sample_data_row_count","Sample_instrument_model","Sample_library_selection","Sample_library_source","Sample_library_strategy","Sample_relation","Sample_relation.1","Sample_supplementary_file_1"
"Sample 121019 from ADM D0","GSM5412118","Public on Jun 01 2022","Jul 01 2021","Jun 01 2022","SRA","1","pancreatic acinar cells","Homo sapiens","individual: donor 121019","cell type: pancreatic acinar cells","time: ADM_Day0","race: White","gender: Male","age_range: 61_80","bmi: 31.9","0 days vs. 6 days of three-dimensional (3-D) culture of acinar cells on Matrigel","The acinar clusters were collected from fresh islet-depleted cell fractions containing digested acinar clusters from cadaveric pancreas donors","total RNA","Total RNA was extracted from Trizol lysate using Qiagen miRNesay Mini Kit","The preparation was performed using the reagents provided in the NEBNext Ultra II Directional RNA Library Prep Kit for Illumina (NEB #E7760S, New England Biolabs,USA), in conjunction with the NEBNext Poly(A) mRNA Magnetic Isolation Module (NEB #E7490) and the NEBNext Multiplex Oligos for Illumina (96 Unique Dual Index Primer Pairs, NEB #6440s)","9606","s_121019D0","Quality control of sequences were performed using Trime Glore 0.5.0","low quality and adapter trimmed using Trim Glore 0.5.0","Read were aligned using Hisat2 (v 2.2.1) againes indexed human genome (Homo_sapiens.GRCh38)","Read were quatified using featureCounts from subread package 2.0.0","Genome_build: GRCh38","Supplementary_files_format_and_content: Transcript read counts, rowes are transcript values, columns are samples","GPL24676","Hesamedin,,Hakimjavadi","hhakimjavadi@chla.usc.edu","Xiaowu Gai","Pathology and Laboratory Medicine","Childrens Hospital Los Angeles","4650 Sunset Blvd","Los Angeles","California","90027","USA","0","Illumina NovaSeq 6000","cDNA","transcriptomic","RNA-Seq","BioSample: https://www.ncbi.nlm.nih.gov/biosample/SAMN19989169","SRA: https://www.ncbi.nlm.nih.gov/sra?term=SRX11325202","NONE"
"Sample 121319 from ADM D0","GSM5412119","Public on Jun 01 2022","Jul 01 2021","Jun 01 2022","SRA","1","pancreatic acinar cells","Homo sapiens","individual: donor 121319","cell type: pancreatic acinar cells","time: ADM_Day0","race: White","gender: Male","age_range: 21_40","bmi: 20.9","0 days vs. 6 days of three-dimensional (3-D) culture of acinar cells on Matrigel","The acinar clusters were collected from fresh islet-depleted cell fractions containing digested acinar clusters from cadaveric pancreas donors","total RNA","Total RNA was extracted from Trizol lysate using Qiagen miRNesay Mini Kit","The preparation was performed using the reagents provided in the NEBNext Ultra II Directional RNA Library Prep Kit for Illumina (NEB #E7760S, New England Biolabs,USA), in conjunction with the NEBNext Poly(A) mRNA Magnetic Isolation Module (NEB #E7490) and the NEBNext Multiplex Oligos for Illumina (96 Unique Dual Index Primer Pairs, NEB #6440s)","9606","s_121319D0","Quality control of sequences were performed using Trime Glore 0.5.0","low quality and adapter trimmed using Trim Glore 0.5.0","Read were aligned using Hisat2 (v 2.2.1) againes indexed human genome (Homo_sapiens.GRCh38)","Read were quatified using featureCounts from subread package 2.0.0","Genome_build: GRCh38","Supplementary_files_format_and_content: Transcript read counts, rowes are transcript values, columns are samples","GPL24676","Hesamedin,,Hakimjavadi","hhakimjavadi@chla.usc.edu","Xiaowu Gai","Pathology and Laboratory Medicine","Childrens Hospital Los Angeles","4650 Sunset Blvd","Los Angeles","California","90027","USA","0","Illumina NovaSeq 6000","cDNA","transcriptomic","RNA-Seq","BioSample: https://www.ncbi.nlm.nih.gov/biosample/SAMN19989167","SRA: https://www.ncbi.nlm.nih.gov/sra?term=SRX11325203","NONE"
"Sample 100419 from ADM D6","GSM5412120","Public on Jun 01 2022","Jul 01 2021","Jun 01 2022","SRA","1","pancreatic acinar cells","Homo sapiens","individual: donor 100419","cell type: pancreatic acinar cells","time: ADM_Day6","race: White","gender: Male","age_range: 21_40","bmi: 24.2","0 days vs. 6 days of three-dimensional (3-D) culture of acinar cells on Matrigel","The acinar clusters were collected from fresh islet-depleted cell fractions containing digested acinar clusters from cadaveric pancreas donors","total RNA","Total RNA was extracted from Trizol lysate using Qiagen miRNesay Mini Kit","The preparation was performed using the reagents provided in the NEBNext Ultra II Directional RNA Library Prep Kit for Illumina (NEB #E7760S, New England Biolabs,USA), in conjunction with the NEBNext Poly(A) mRNA Magnetic Isolation Module (NEB #E7490) and the NEBNext Multiplex Oligos for Illumina (96 Unique Dual Index Primer Pairs, NEB #6440s)","9606","s_100419D6","Quality control of sequences were performed using Trime Glore 0.5.0","low quality and adapter trimmed using Trim Glore 0.5.0","Read were aligned using Hisat2 (v 2.2.1) againes indexed human genome (Homo_sapiens.GRCh38)","Read were quatified using featureCounts from subread package 2.0.0","Genome_build: GRCh38","Supplementary_files_format_and_content: Transcript read counts, rowes are transcript values, columns are samples","GPL24676","Hesamedin,,Hakimjavadi","hhakimjavadi@chla.usc.edu","Xiaowu Gai","Pathology and Laboratory Medicine","Childrens Hospital Los Angeles","4650 Sunset Blvd","Los Angeles","California","90027","USA","0","Illumina NovaSeq 6000","cDNA","transcriptomic","RNA-Seq","BioSample: https://www.ncbi.nlm.nih.gov/biosample/SAMN19989165","SRA: https://www.ncbi.nlm.nih.gov/sra?term=SRX11325204","NONE"
"Sample 121219 from ADM D6","GSM5412121","Public on Jun 01 2022","Jul 01 2021","Jun 01 2022","SRA","1","pancreatic acinar cells","Homo sapiens","individual: donor 121219","cell type: pancreatic acinar cells","time: ADM_Day6","race: White","gender: Female","age_range: 41_60","bmi: 31.9","0 days vs. 6 days of three-dimensional (3-D) culture of acinar cells on Matrigel","The acinar clusters were collected from fresh islet-depleted cell fractions containing digested acinar clusters from cadaveric pancreas donors","total RNA","Total RNA was extracted from Trizol lysate using Qiagen miRNesay Mini Kit","The preparation was performed using the reagents provided in the NEBNext Ultra II Directional RNA Library Prep Kit for Illumina (NEB #E7760S, New England Biolabs,USA), in conjunction with the NEBNext Poly(A) mRNA Magnetic Isolation Module (NEB #E7490) and the NEBNext Multiplex Oligos for Illumina (96 Unique Dual Index Primer Pairs, NEB #6440s)","9606","s_121219D6","Quality control of sequences were performed using Trime Glore 0.5.0","low quality and adapter trimmed using Trim Glore 0.5.0","Read were aligned using Hisat2 (v 2.2.1) againes indexed human genome (Homo_sapiens.GRCh38)","Read were quatified using featureCounts from subread package 2.0.0","Genome_build: GRCh38","Supplementary_files_format_and_content: Transcript read counts, rowes are transcript values, columns are samples","GPL24676","Hesamedin,,Hakimjavadi","hhakimjavadi@chla.usc.edu","Xiaowu Gai","Pathology and Laboratory Medicine","Childrens Hospital Los Angeles","4650 Sunset Blvd","Los Angeles","California","90027","USA","0","Illumina NovaSeq 6000","cDNA","transcriptomic","RNA-Seq","BioSample: https://www.ncbi.nlm.nih.gov/biosample/SAMN19989164","SRA: https://www.ncbi.nlm.nih.gov/sra?term=SRX11325205","NONE"
"Sample 101519 from ADM D6","GSM5412122","Public on Jun 01 2022","Jul 01 2021","Jun 01 2022","SRA","1","pancreatic acinar cells","Homo sapiens","individual: donor 101519","cell type: pancreatic acinar cells","time: ADM_Day6","race: White","gender: Female","age_range: 41_60","bmi: 23.5","0 days vs. 6 days of three-dimensional (3-D) culture of acinar cells on Matrigel","The acinar clusters were collected from fresh islet-depleted cell fractions containing digested acinar clusters from cadaveric pancreas donors","total RNA","Total RNA was extracted from Trizol lysate using Qiagen miRNesay Mini Kit","The preparation was performed using the reagents provided in the NEBNext Ultra II Directional RNA Library Prep Kit for Illumina (NEB #E7760S, New England Biolabs,USA), in conjunction with the NEBNext Poly(A) mRNA Magnetic Isolation Module (NEB #E7490) and the NEBNext Multiplex Oligos for Illumina (96 Unique Dual Index Primer Pairs, NEB #6440s)","9606","s_101519D6","Quality control of sequences were performed using Trime Glore 0.5.0","low quality and adapter trimmed using Trim Glore 0.5.0","Read were aligned using Hisat2 (v 2.2.1) againes indexed human genome (Homo_sapiens.GRCh38)","Read were quatified using featureCounts from subread package 2.0.0","Genome_build: GRCh38","Supplementary_files_format_and_content: Transcript read counts, rowes are transcript values, columns are samples","GPL24676","Hesamedin,,Hakimjavadi","hhakimjavadi@chla.usc.edu","Xiaowu Gai","Pathology and Laboratory Medicine","Childrens Hospital Los Angeles","4650 Sunset Blvd","Los Angeles","California","90027","USA","0","Illumina NovaSeq 6000","cDNA","transcriptomic","RNA-Seq","BioSample: https://www.ncbi.nlm.nih.gov/biosample/SAMN19989163","SRA: https://www.ncbi.nlm.nih.gov/sra?term=SRX11325206","NONE"
"Sample 101719 from ADM D6","GSM5412123","Public on Jun 01 2022","Jul 01 2021","Jun 01 2022","SRA","1","pancreatic acinar cells","Homo sapiens","individual: donor 101719","cell type: pancreatic acinar cells","time: ADM_Day6","race: White","gender: Female","age_range: 41_60","bmi: 24.8","0 days vs. 6 days of three-dimensional (3-D) culture of acinar cells on Matrigel","The acinar clusters were collected from fresh islet-depleted cell fractions containing digested acinar clusters from cadaveric pancreas donors","total RNA","Total RNA was extracted from Trizol lysate using Qiagen miRNesay Mini Kit","The preparation was performed using the reagents provided in the NEBNext Ultra II Directional RNA Library Prep Kit for Illumina (NEB #E7760S, New England Biolabs,USA), in conjunction with the NEBNext Poly(A) mRNA Magnetic Isolation Module (NEB #E7490) and the NEBNext Multiplex Oligos for Illumina (96 Unique Dual Index Primer Pairs, NEB #6440s)","9606","s_101719D6","Quality control of sequences were performed using Trime Glore 0.5.0","low quality and adapter trimmed using Trim Glore 0.5.0","Read were aligned using Hisat2 (v 2.2.1) againes indexed human genome (Homo_sapiens.GRCh38)","Read were quatified using featureCounts from subread package 2.0.0","Genome_build: GRCh38","Supplementary_files_format_and_content: Transcript read counts, rowes are transcript values, columns are samples","GPL24676","Hesamedin,,Hakimjavadi","hhakimjavadi@chla.usc.edu","Xiaowu Gai","Pathology and Laboratory Medicine","Childrens Hospital Los Angeles","4650 Sunset Blvd","Los Angeles","California","90027","USA","0","Illumina NovaSeq 6000","cDNA","transcriptomic","RNA-Seq","BioSample: https://www.ncbi.nlm.nih.gov/biosample/SAMN19989162","SRA: https://www.ncbi.nlm.nih.gov/sra?term=SRX11325207","NONE"
"Sample 102319 from ADM D6","GSM5412124","Public on Jun 01 2022","Jul 01 2021","Jun 01 2022","SRA","1","pancreatic acinar cells","Homo sapiens","individual: donor 102319","cell type: pancreatic acinar cells","time: ADM_Day6","race: Black","gender: Male","age_range: 41_60","bmi: 25","0 days vs. 6 days of three-dimensional (3-D) culture of acinar cells on Matrigel","The acinar clusters were collected from fresh islet-depleted cell fractions containing digested acinar clusters from cadaveric pancreas donors","total RNA","Total RNA was extracted from Trizol lysate using Qiagen miRNesay Mini Kit","The preparation was performed using the reagents provided in the NEBNext Ultra II Directional RNA Library Prep Kit for Illumina (NEB #E7760S, New England Biolabs,USA), in conjunction with the NEBNext Poly(A) mRNA Magnetic Isolation Module (NEB #E7490) and the NEBNext Multiplex Oligos for Illumina (96 Unique Dual Index Primer Pairs, NEB #6440s)","9606","s_102319D6","Quality control of sequences were performed using Trime Glore 0.5.0","low quality and adapter trimmed using Trim Glore 0.5.0","Read were aligned using Hisat2 (v 2.2.1) againes indexed human genome (Homo_sapiens.GRCh38)","Read were quatified using featureCounts from subread package 2.0.0","Genome_build: GRCh38","Supplementary_files_format_and_content: Transcript read counts, rowes are transcript values, columns are samples","GPL24676","Hesamedin,,Hakimjavadi","hhakimjavadi@chla.usc.edu","Xiaowu Gai","Pathology and Laboratory Medicine","Childrens Hospital Los Angeles","4650 Sunset Blvd","Los Angeles","California","90027","USA","0","Illumina NovaSeq 6000","cDNA","transcriptomic","RNA-Seq","BioSample: https://www.ncbi.nlm.nih.gov/biosample/SAMN19989161","SRA: https://www.ncbi.nlm.nih.gov/sra?term=SRX11325208","NONE"
"Sample 103119 from ADM D6","GSM5412125","Public on Jun 01 2022","Jul 01 2021","Jun 01 2022","SRA","1","pancreatic acinar cells","Homo sapiens","individual: donor 103119","cell type: pancreatic acinar cells","time: ADM_Day6","race: White","gender: Male","age_range: 0_20","bmi: NA","0 days vs. 6 days of three-dimensional (3-D) culture of acinar cells on Matrigel","The acinar clusters were collected from fresh islet-depleted cell fractions containing digested acinar clusters from cadaveric pancreas donors","total RNA","Total RNA was extracted from Trizol lysate using Qiagen miRNesay Mini Kit","The preparation was performed using the reagents provided in the NEBNext Ultra II Directional RNA Library Prep Kit for Illumina (NEB #E7760S, New England Biolabs,USA), in conjunction with the NEBNext Poly(A) mRNA Magnetic Isolation Module (NEB #E7490) and the NEBNext Multiplex Oligos for Illumina (96 Unique Dual Index Primer Pairs, NEB #6440s)","9606","s_103119D6","Quality control of sequences were performed using Trime Glore 0.5.0","low quality and adapter trimmed using Trim Glore 0.5.0","Read were aligned using Hisat2 (v 2.2.1) againes indexed human genome (Homo_sapiens.GRCh38)","Read were quatified using featureCounts from subread package 2.0.0","Genome_build: GRCh38","Supplementary_files_format_and_content: Transcript read counts, rowes are transcript values, columns are samples","GPL24676","Hesamedin,,Hakimjavadi","hhakimjavadi@chla.usc.edu","Xiaowu Gai","Pathology and Laboratory Medicine","Childrens Hospital Los Angeles","4650 Sunset Blvd","Los Angeles","California","90027","USA","0","Illumina NovaSeq 6000","cDNA","transcriptomic","RNA-Seq","BioSample: https://www.ncbi.nlm.nih.gov/biosample/SAMN19989160","SRA: https://www.ncbi.nlm.nih.gov/sra?term=SRX11325209","NONE"
"Sample 110519 from ADM D6","GSM5412126","Public on Jun 01 2022","Jul 01 2021","Jun 01 2022","SRA","1","pancreatic acinar cells","Homo sapiens","individual: donor 110519","cell type: pancreatic acinar cells","time: ADM_Day6","race: Hispanic","gender: Female","age_range: 21_40","bmi: 26.2","0 days vs. 6 days of three-dimensional (3-D) culture of acinar cells on Matrigel","The acinar clusters were collected from fresh islet-depleted cell fractions containing digested acinar clusters from cadaveric pancreas donors","total RNA","Total RNA was extracted from Trizol lysate using Qiagen miRNesay Mini Kit","The preparation was performed using the reagents provided in the NEBNext Ultra II Directional RNA Library Prep Kit for Illumina (NEB #E7760S, New England Biolabs,USA), in conjunction with the NEBNext Poly(A) mRNA Magnetic Isolation Module (NEB #E7490) and the NEBNext Multiplex Oligos for Illumina (96 Unique Dual Index Primer Pairs, NEB #6440s)","9606","s_110519D6","Quality control of sequences were performed using Trime Glore 0.5.0","low quality and adapter trimmed using Trim Glore 0.5.0","Read were aligned using Hisat2 (v 2.2.1) againes indexed human genome (Homo_sapiens.GRCh38)","Read were quatified using featureCounts from subread package 2.0.0","Genome_build: GRCh38","Supplementary_files_format_and_content: Transcript read counts, rowes are transcript values, columns are samples","GPL24676","Hesamedin,,Hakimjavadi","hhakimjavadi@chla.usc.edu","Xiaowu Gai","Pathology and Laboratory Medicine","Childrens Hospital Los Angeles","4650 Sunset Blvd","Los Angeles","California","90027","USA","0","Illumina NovaSeq 6000","cDNA","transcriptomic","RNA-Seq","BioSample: https://www.ncbi.nlm.nih.gov/biosample/SAMN19989159","SRA: https://www.ncbi.nlm.nih.gov/sra?term=SRX11325210","NONE"
"Sample 121019 from ADM D6","GSM5412127","Public on Jun 01 2022","Jul 01 2021","Jun 01 2022","SRA","1","pancreatic acinar cells","Homo sapiens","individual: donor 121019","cell type: pancreatic acinar cells","time: ADM_Day6","race: White","gender: Male","age_range: 61_80","bmi: 31.9","0 days vs. 6 days of three-dimensional (3-D) culture of acinar cells on Matrigel","The acinar clusters were collected from fresh islet-depleted cell fractions containing digested acinar clusters from cadaveric pancreas donors","total RNA","Total RNA was extracted from Trizol lysate using Qiagen miRNesay Mini Kit","The preparation was performed using the reagents provided in the NEBNext Ultra II Directional RNA Library Prep Kit for Illumina (NEB #E7760S, New England Biolabs,USA), in conjunction with the NEBNext Poly(A) mRNA Magnetic Isolation Module (NEB #E7490) and the NEBNext Multiplex Oligos for Illumina (96 Unique Dual Index Primer Pairs, NEB #6440s)","9606","s_121019D6","Quality control of sequences were performed using Trime Glore 0.5.0","low quality and adapter trimmed using Trim Glore 0.5.0","Read were aligned using Hisat2 (v 2.2.1) againes indexed human genome (Homo_sapiens.GRCh38)","Read were quatified using featureCounts from subread package 2.0.0","Genome_build: GRCh38","Supplementary_files_format_and_content: Transcript read counts, rowes are transcript values, columns are samples","GPL24676","Hesamedin,,Hakimjavadi","hhakimjavadi@chla.usc.edu","Xiaowu Gai","Pathology and Laboratory Medicine","Childrens Hospital Los Angeles","4650 Sunset Blvd","Los Angeles","California","90027","USA","0","Illumina NovaSeq 6000","cDNA","transcriptomic","RNA-Seq","BioSample: https://www.ncbi.nlm.nih.gov/biosample/SAMN19989158","SRA: https://www.ncbi.nlm.nih.gov/sra?term=SRX11325211","NONE"
"Sample 121319 from ADM D6","GSM5412128","Public on Jun 01 2022","Jul 01 2021","Jun 01 2022","SRA","1","pancreatic acinar cells","Homo sapiens","individual: donor 121319","cell type: pancreatic acinar cells","time: ADM_Day6","race: White","gender: Male","age_range: 21_40","bmi: 20.9","0 days vs. 6 days of three-dimensional (3-D) culture of acinar cells on Matrigel","The acinar clusters were collected from fresh islet-depleted cell fractions containing digested acinar clusters from cadaveric pancreas donors","total RNA","Total RNA was extracted from Trizol lysate using Qiagen miRNesay Mini Kit","The preparation was performed using the reagents provided in the NEBNext Ultra II Directional RNA Library Prep Kit for Illumina (NEB #E7760S, New England Biolabs,USA), in conjunction with the NEBNext Poly(A) mRNA Magnetic Isolation Module (NEB #E7490) and the NEBNext Multiplex Oligos for Illumina (96 Unique Dual Index Primer Pairs, NEB #6440s)","9606","s_121319D6","Quality control of sequences were performed using Trime Glore 0.5.0","low quality and adapter trimmed using Trim Glore 0.5.0","Read were aligned using Hisat2 (v 2.2.1) againes indexed human genome (Homo_sapiens.GRCh38)","Read were quatified using featureCounts from subread package 2.0.0","Genome_build: GRCh38","Supplementary_files_format_and_content: Transcript read counts, rowes are transcript values, columns are samples","GPL24676","Hesamedin,,Hakimjavadi","hhakimjavadi@chla.usc.edu","Xiaowu Gai","Pathology and Laboratory Medicine","Childrens Hospital Los Angeles","4650 Sunset Blvd","Los Angeles","California","90027","USA","0","Illumina NovaSeq 6000","cDNA","transcriptomic","RNA-Seq","BioSample: https://www.ncbi.nlm.nih.gov/biosample/SAMN19989157","SRA: https://www.ncbi.nlm.nih.gov/sra?term=SRX11325212","NONE"
"Sample 060220 from ADM D0","GSM5412129","Public on Jun 01 2022","Jul 01 2021","Jun 01 2022","SRA","1","pancreatic acinar cells","Homo sapiens","individual: donor 060220","cell type: pancreatic acinar cells","time: ADM_Day0","race: Black","gender: Male","age_range: 41_60","bmi: 20.2","0 days vs. 6 days of three-dimensional (3-D) culture of acinar cells on Matrigel","The acinar clusters were collected from fresh islet-depleted cell fractions containing digested acinar clusters from cadaveric pancreas donors","total RNA","Total RNA was extracted from Trizol lysate using Qiagen miRNesay Mini Kit","The preparation was performed using the reagents provided in the NEBNext Ultra II Directional RNA Library Prep Kit for Illumina (NEB #E7760S, New England Biolabs,USA), in conjunction with the NEBNext Poly(A) mRNA Magnetic Isolation Module (NEB #E7490) and the NEBNext Multiplex Oligos for Illumina (96 Unique Dual Index Primer Pairs, NEB #6440s)","9606","s_060220D0","Quality control of sequences were performed using Trime Glore 0.5.0","low quality and adapter trimmed using Trim Glore 0.5.0","Read were aligned using Hisat2 (v 2.2.1) againes indexed human genome (Homo_sapiens.GRCh38)","Read were quatified using featureCounts from subread package 2.0.0","Genome_build: GRCh38","Supplementary_files_format_and_content: Transcript read counts, rowes are transcript values, columns are samples","GPL24676","Hesamedin,,Hakimjavadi","hhakimjavadi@chla.usc.edu","Xiaowu Gai","Pathology and Laboratory Medicine","Childrens Hospital Los Angeles","4650 Sunset Blvd","Los Angeles","California","90027","USA","0","Illumina NovaSeq 6000","cDNA","transcriptomic","RNA-Seq","BioSample: https://www.ncbi.nlm.nih.gov/biosample/SAMN19989156","SRA: https://www.ncbi.nlm.nih.gov/sra?term=SRX11325213","NONE"
"Sample 100419 from ADM D0","GSM5412130","Public on Jun 01 2022","Jul 01 2021","Jun 01 2022","SRA","1","pancreatic acinar cells","Homo sapiens","individual: donor 100419","cell type: pancreatic acinar cells","time: ADM_Day0","race: White","gender: Male","age_range: 21_40","bmi: 24.2","0 days vs. 6 days of three-dimensional (3-D) culture of acinar cells on Matrigel","The acinar clusters were collected from fresh islet-depleted cell fractions containing digested acinar clusters from cadaveric pancreas donors","total RNA","Total RNA was extracted from Trizol lysate using Qiagen miRNesay Mini Kit","The preparation was performed using the reagents provided in the NEBNext Ultra II Directional RNA Library Prep Kit for Illumina (NEB #E7760S, New England Biolabs,USA), in conjunction with the NEBNext Poly(A) mRNA Magnetic Isolation Module (NEB #E7490) and the NEBNext Multiplex Oligos for Illumina (96 Unique Dual Index Primer Pairs, NEB #6440s)","9606","s_100419D0","Quality control of sequences were performed using Trime Glore 0.5.0","low quality and adapter trimmed using Trim Glore 0.5.0","Read were aligned using Hisat2 (v 2.2.1) againes indexed human genome (Homo_sapiens.GRCh38)","Read were quatified using featureCounts from subread package 2.0.0","Genome_build: GRCh38","Supplementary_files_format_and_content: Transcript read counts, rowes are transcript values, columns are samples","GPL24676","Hesamedin,,Hakimjavadi","hhakimjavadi@chla.usc.edu","Xiaowu Gai","Pathology and Laboratory Medicine","Childrens Hospital Los Angeles","4650 Sunset Blvd","Los Angeles","California","90027","USA","0","Illumina NovaSeq 6000","cDNA","transcriptomic","RNA-Seq","BioSample: https://www.ncbi.nlm.nih.gov/biosample/SAMN19989155","SRA: https://www.ncbi.nlm.nih.gov/sra?term=SRX11325214","NONE"
"Sample 060220 from ADM D6","GSM5412131","Public on Jun 01 2022","Jul 01 2021","Jun 01 2022","SRA","1","pancreatic acinar cells","Homo sapiens","individual: donor 060220","cell type: pancreatic acinar cells","time: ADM_Day6","race: Black","gender: Male","age_range: 41_60","bmi: 20.2","0 days vs. 6 days of three-dimensional (3-D) culture of acinar cells on Matrigel","The acinar clusters were collected from fresh islet-depleted cell fractions containing digested acinar clusters from cadaveric pancreas donors","total RNA","Total RNA was extracted from Trizol lysate using Qiagen miRNesay Mini Kit","The preparation was performed using the reagents provided in the NEBNext Ultra II Directional RNA Library Prep Kit for Illumina (NEB #E7760S, New England Biolabs,USA), in conjunction with the NEBNext Poly(A) mRNA Magnetic Isolation Module (NEB #E7490) and the NEBNext Multiplex Oligos for Illumina (96 Unique Dual Index Primer Pairs, NEB #6440s)","9606","s_060220D6","Quality control of sequences were performed using Trime Glore 0.5.0","low quality and adapter trimmed using Trim Glore 0.5.0","Read were aligned using Hisat2 (v 2.2.1) againes indexed human genome (Homo_sapiens.GRCh38)","Read were quatified using featureCounts from subread package 2.0.0","Genome_build: GRCh38","Supplementary_files_format_and_content: Transcript read counts, rowes are transcript values, columns are samples","GPL24676","Hesamedin,,Hakimjavadi","hhakimjavadi@chla.usc.edu","Xiaowu Gai","Pathology and Laboratory Medicine","Childrens Hospital Los Angeles","4650 Sunset Blvd","Los Angeles","California","90027","USA","0","Illumina NovaSeq 6000","cDNA","transcriptomic","RNA-Seq","BioSample: https://www.ncbi.nlm.nih.gov/biosample/SAMN19989154","SRA: https://www.ncbi.nlm.nih.gov/sra?term=SRX11325215","NONE"
"Sample 061520 from ADM D0","GSM5412132","Public on Jun 01 2022","Jul 01 2021","Jun 01 2022","SRA","1","pancreatic acinar cells","Homo sapiens","individual: donor 061520","cell type: pancreatic acinar cells","time: ADM_Day0","race: White","gender: Male","age_range: 41_60","bmi: 24.8","0 days vs. 6 days of three-dimensional (3-D) culture of acinar cells on Matrigel","The acinar clusters were collected from fresh islet-depleted cell fractions containing digested acinar clusters from cadaveric pancreas donors","total RNA","Total RNA was extracted from Trizol lysate using Qiagen miRNesay Mini Kit","The preparation was performed using the reagents provided in the NEBNext Ultra II Directional RNA Library Prep Kit for Illumina (NEB #E7760S, New England Biolabs,USA), in conjunction with the NEBNext Poly(A) mRNA Magnetic Isolation Module (NEB #E7490) and the NEBNext Multiplex Oligos for Illumina (96 Unique Dual Index Primer Pairs, NEB #6440s)","9606","s_061520D0","Quality control of sequences were performed using Trime Glore 0.5.0","low quality and adapter trimmed using Trim Glore 0.5.0","Read were aligned using Hisat2 (v 2.2.1) againes indexed human genome (Homo_sapiens.GRCh38)","Read were quatified using featureCounts from subread package 2.0.0","Genome_build: GRCh38","Supplementary_files_format_and_content: Transcript read counts, rowes are transcript values, columns are samples","GPL24676","Hesamedin,,Hakimjavadi","hhakimjavadi@chla.usc.edu","Xiaowu Gai","Pathology and Laboratory Medicine","Childrens Hospital Los Angeles","4650 Sunset Blvd","Los Angeles","California","90027","USA","0","Illumina NovaSeq 6000","cDNA","transcriptomic","RNA-Seq","BioSample: https://www.ncbi.nlm.nih.gov/biosample/SAMN19989153","SRA: https://www.ncbi.nlm.nih.gov/sra?term=SRX11325216","NONE"
"Sample 061520 from ADM D6","GSM5412133","Public on Jun 01 2022","Jul 01 2021","Jun 01 2022","SRA","1","pancreatic acinar cells","Homo sapiens","individual: donor 061520","cell type: pancreatic acinar cells","time: ADM_Day6","race: White","gender: Male","age_range: 41_60","bmi: 24.8","0 days vs. 6 days of three-dimensional (3-D) culture of acinar cells on Matrigel","The acinar clusters were collected from fresh islet-depleted cell fractions containing digested acinar clusters from cadaveric pancreas donors","total RNA","Total RNA was extracted from Trizol lysate using Qiagen miRNesay Mini Kit","The preparation was performed using the reagents provided in the NEBNext Ultra II Directional RNA Library Prep Kit for Illumina (NEB #E7760S, New England Biolabs,USA), in conjunction with the NEBNext Poly(A) mRNA Magnetic Isolation Module (NEB #E7490) and the NEBNext Multiplex Oligos for Illumina (96 Unique Dual Index Primer Pairs, NEB #6440s)","9606","s_061520D6","Quality control of sequences were performed using Trime Glore 0.5.0","low quality and adapter trimmed using Trim Glore 0.5.0","Read were aligned using Hisat2 (v 2.2.1) againes indexed human genome (Homo_sapiens.GRCh38)","Read were quatified using featureCounts from subread package 2.0.0","Genome_build: GRCh38","Supplementary_files_format_and_content: Transcript read counts, rowes are transcript values, columns are samples","GPL24676","Hesamedin,,Hakimjavadi","hhakimjavadi@chla.usc.edu","Xiaowu Gai","Pathology and Laboratory Medicine","Childrens Hospital Los Angeles","4650 Sunset Blvd","Los Angeles","California","90027","USA","0","Illumina NovaSeq 6000","cDNA","transcriptomic","RNA-Seq","BioSample: https://www.ncbi.nlm.nih.gov/biosample/SAMN19989152","SRA: https://www.ncbi.nlm.nih.gov/sra?term=SRX11325217","NONE"
"Sample 063020 from ADM D0","GSM5412134","Public on Jun 01 2022","Jul 01 2021","Jun 01 2022","SRA","1","pancreatic acinar cells","Homo sapiens","individual: donor 063020","cell type: pancreatic acinar cells","time: ADM_Day0","race: Hispanic","gender: Female","age_range: 41_60","bmi: 24.6","0 days vs. 6 days of three-dimensional (3-D) culture of acinar cells on Matrigel","The acinar clusters were collected from fresh islet-depleted cell fractions containing digested acinar clusters from cadaveric pancreas donors","total RNA","Total RNA was extracted from Trizol lysate using Qiagen miRNesay Mini Kit","The preparation was performed using the reagents provided in the NEBNext Ultra II Directional RNA Library Prep Kit for Illumina (NEB #E7760S, New England Biolabs,USA), in conjunction with the NEBNext Poly(A) mRNA Magnetic Isolation Module (NEB #E7490) and the NEBNext Multiplex Oligos for Illumina (96 Unique Dual Index Primer Pairs, NEB #6440s)","9606","s_063020D0","Quality control of sequences were performed using Trime Glore 0.5.0","low quality and adapter trimmed using Trim Glore 0.5.0","Read were aligned using Hisat2 (v 2.2.1) againes indexed human genome (Homo_sapiens.GRCh38)","Read were quatified using featureCounts from subread package 2.0.0","Genome_build: GRCh38","Supplementary_files_format_and_content: Transcript read counts, rowes are transcript values, columns are samples","GPL24676","Hesamedin,,Hakimjavadi","hhakimjavadi@chla.usc.edu","Xiaowu Gai","Pathology and Laboratory Medicine","Childrens Hospital Los Angeles","4650 Sunset Blvd","Los Angeles","California","90027","USA","0","Illumina NovaSeq 6000","cDNA","transcriptomic","RNA-Seq","BioSample: https://www.ncbi.nlm.nih.gov/biosample/SAMN19989151","SRA: https://www.ncbi.nlm.nih.gov/sra?term=SRX11325218","NONE"
"Sample 063020 from ADM D6","GSM5412135","Public on Jun 01 2022","Jul 01 2021","Jun 01 2022","SRA","1","pancreatic acinar cells","Homo sapiens","individual: donor 063020","cell type: pancreatic acinar cells","time: ADM_Day6","race: Hispanic","gender: Female","age_range: 41_60","bmi: 24.6","0 days vs. 6 days of three-dimensional (3-D) culture of acinar cells on Matrigel","The acinar clusters were collected from fresh islet-depleted cell fractions containing digested acinar clusters from cadaveric pancreas donors","total RNA","Total RNA was extracted from Trizol lysate using Qiagen miRNesay Mini Kit","The preparation was performed using the reagents provided in the NEBNext Ultra II Directional RNA Library Prep Kit for Illumina (NEB #E7760S, New England Biolabs,USA), in conjunction with the NEBNext Poly(A) mRNA Magnetic Isolation Module (NEB #E7490) and the NEBNext Multiplex Oligos for Illumina (96 Unique Dual Index Primer Pairs, NEB #6440s)","9606","s_063020D6","Quality control of sequences were performed using Trime Glore 0.5.0","low quality and adapter trimmed using Trim Glore 0.5.0","Read were aligned using Hisat2 (v 2.2.1) againes indexed human genome (Homo_sapiens.GRCh38)","Read were quatified using featureCounts from subread package 2.0.0","Genome_build: GRCh38","Supplementary_files_format_and_content: Transcript read counts, rowes are transcript values, columns are samples","GPL24676","Hesamedin,,Hakimjavadi","hhakimjavadi@chla.usc.edu","Xiaowu Gai","Pathology and Laboratory Medicine","Childrens Hospital Los Angeles","4650 Sunset Blvd","Los Angeles","California","90027","USA","0","Illumina NovaSeq 6000","cDNA","transcriptomic","RNA-Seq","BioSample: https://www.ncbi.nlm.nih.gov/biosample/SAMN19989150","SRA: https://www.ncbi.nlm.nih.gov/sra?term=SRX11325219","NONE"
"Sample 071020 from ADM D0","GSM5412136","Public on Jun 01 2022","Jul 01 2021","Jun 01 2022","SRA","1","pancreatic acinar cells","Homo sapiens","individual: donor 071020","cell type: pancreatic acinar cells","time: ADM_Day0","race: White","gender: Female","age_range: 21_40","bmi: 21.9","0 days vs. 6 days of three-dimensional (3-D) culture of acinar cells on Matrigel","The acinar clusters were collected from fresh islet-depleted cell fractions containing digested acinar clusters from cadaveric pancreas donors","total RNA","Total RNA was extracted from Trizol lysate using Qiagen miRNesay Mini Kit","The preparation was performed using the reagents provided in the NEBNext Ultra II Directional RNA Library Prep Kit for Illumina (NEB #E7760S, New England Biolabs,USA), in conjunction with the NEBNext Poly(A) mRNA Magnetic Isolation Module (NEB #E7490) and the NEBNext Multiplex Oligos for Illumina (96 Unique Dual Index Primer Pairs, NEB #6440s)","9606","s_071020D0","Quality control of sequences were performed using Trime Glore 0.5.0","low quality and adapter trimmed using Trim Glore 0.5.0","Read were aligned using Hisat2 (v 2.2.1) againes indexed human genome (Homo_sapiens.GRCh38)","Read were quatified using featureCounts from subread package 2.0.0","Genome_build: GRCh38","Supplementary_files_format_and_content: Transcript read counts, rowes are transcript values, columns are samples","GPL24676","Hesamedin,,Hakimjavadi","hhakimjavadi@chla.usc.edu","Xiaowu Gai","Pathology and Laboratory Medicine","Childrens Hospital Los Angeles","4650 Sunset Blvd","Los Angeles","California","90027","USA","0","Illumina NovaSeq 6000","cDNA","transcriptomic","RNA-Seq","BioSample: https://www.ncbi.nlm.nih.gov/biosample/SAMN19989149","SRA: https://www.ncbi.nlm.nih.gov/sra?term=SRX11325220","NONE"
"Sample 071020 from ADM D6","GSM5412137","Public on Jun 01 2022","Jul 01 2021","Jun 01 2022","SRA","1","pancreatic acinar cells","Homo sapiens","individual: donor 071020","cell type: pancreatic acinar cells","time: ADM_Day6","race: White","gender: Female","age_range: 21_40","bmi: 21.9","0 days vs. 6 days of three-dimensional (3-D) culture of acinar cells on Matrigel","The acinar clusters were collected from fresh islet-depleted cell fractions containing digested acinar clusters from cadaveric pancreas donors","total RNA","Total RNA was extracted from Trizol lysate using Qiagen miRNesay Mini Kit","The preparation was performed using the reagents provided in the NEBNext Ultra II Directional RNA Library Prep Kit for Illumina (NEB #E7760S, New England Biolabs,USA), in conjunction with the NEBNext Poly(A) mRNA Magnetic Isolation Module (NEB #E7490) and the NEBNext Multiplex Oligos for Illumina (96 Unique Dual Index Primer Pairs, NEB #6440s)","9606","s_071020D6","Quality control of sequences were performed using Trime Glore 0.5.0","low quality and adapter trimmed using Trim Glore 0.5.0","Read were aligned using Hisat2 (v 2.2.1) againes indexed human genome (Homo_sapiens.GRCh38)","Read were quatified using featureCounts from subread package 2.0.0","Genome_build: GRCh38","Supplementary_files_format_and_content: Transcript read counts, rowes are transcript values, columns are samples","GPL24676","Hesamedin,,Hakimjavadi","hhakimjavadi@chla.usc.edu","Xiaowu Gai","Pathology and Laboratory Medicine","Childrens Hospital Los Angeles","4650 Sunset Blvd","Los Angeles","California","90027","USA","0","Illumina NovaSeq 6000","cDNA","transcriptomic","RNA-Seq","BioSample: https://www.ncbi.nlm.nih.gov/biosample/SAMN19989148","SRA: https://www.ncbi.nlm.nih.gov/sra?term=SRX11325221","NONE"
"Sample 121219 from ADM D0","GSM5412138","Public on Jun 01 2022","Jul 01 2021","Jun 01 2022","SRA","1","pancreatic acinar cells","Homo sapiens","individual: donor 121219","cell type: pancreatic acinar cells","time: ADM_Day0","race: White","gender: Female","age_range: 41_60","bmi: 31.9","0 days vs. 6 days of three-dimensional (3-D) culture of acinar cells on Matrigel","The acinar clusters were collected from fresh islet-depleted cell fractions containing digested acinar clusters from cadaveric pancreas donors","total RNA","Total RNA was extracted from Trizol lysate using Qiagen miRNesay Mini Kit","The preparation was performed using the reagents provided in the NEBNext Ultra II Directional RNA Library Prep Kit for Illumina (NEB #E7760S, New England Biolabs,USA), in conjunction with the NEBNext Poly(A) mRNA Magnetic Isolation Module (NEB #E7490) and the NEBNext Multiplex Oligos for Illumina (96 Unique Dual Index Primer Pairs, NEB #6440s)","9606","s_121219D0","Quality control of sequences were performed using Trime Glore 0.5.0","low quality and adapter trimmed using Trim Glore 0.5.0","Read were aligned using Hisat2 (v 2.2.1) againes indexed human genome (Homo_sapiens.GRCh38)","Read were quatified using featureCounts from subread package 2.0.0","Genome_build: GRCh38","Supplementary_files_format_and_content: Transcript read counts, rowes are transcript values, columns are samples","GPL24676","Hesamedin,,Hakimjavadi","hhakimjavadi@chla.usc.edu","Xiaowu Gai","Pathology and Laboratory Medicine","Childrens Hospital Los Angeles","4650 Sunset Blvd","Los Angeles","California","90027","USA","0","Illumina NovaSeq 6000","cDNA","transcriptomic","RNA-Seq","BioSample: https://www.ncbi.nlm.nih.gov/biosample/SAMN19989147","SRA: https://www.ncbi.nlm.nih.gov/sra?term=SRX11325222","NONE"
"Sample 071620 from ADM D0","GSM5412139","Public on Jun 01 2022","Jul 01 2021","Jun 01 2022","SRA","1","pancreatic acinar cells","Homo sapiens","individual: donor 071620","cell type: pancreatic acinar cells","time: ADM_Day0","race: Black","gender: Male","age_range: 21_40","bmi: 17","0 days vs. 6 days of three-dimensional (3-D) culture of acinar cells on Matrigel","The acinar clusters were collected from fresh islet-depleted cell fractions containing digested acinar clusters from cadaveric pancreas donors","total RNA","Total RNA was extracted from Trizol lysate using Qiagen miRNesay Mini Kit","The preparation was performed using the reagents provided in the NEBNext Ultra II Directional RNA Library Prep Kit for Illumina (NEB #E7760S, New England Biolabs,USA), in conjunction with the NEBNext Poly(A) mRNA Magnetic Isolation Module (NEB #E7490) and the NEBNext Multiplex Oligos for Illumina (96 Unique Dual Index Primer Pairs, NEB #6440s)","9606","s_071620D0","Quality control of sequences were performed using Trime Glore 0.5.0","low quality and adapter trimmed using Trim Glore 0.5.0","Read were aligned using Hisat2 (v 2.2.1) againes indexed human genome (Homo_sapiens.GRCh38)","Read were quatified using featureCounts from subread package 2.0.0","Genome_build: GRCh38","Supplementary_files_format_and_content: Transcript read counts, rowes are transcript values, columns are samples","GPL24676","Hesamedin,,Hakimjavadi","hhakimjavadi@chla.usc.edu","Xiaowu Gai","Pathology and Laboratory Medicine","Childrens Hospital Los Angeles","4650 Sunset Blvd","Los Angeles","California","90027","USA","0","Illumina NovaSeq 6000","cDNA","transcriptomic","RNA-Seq","BioSample: https://www.ncbi.nlm.nih.gov/biosample/SAMN19989146","SRA: https://www.ncbi.nlm.nih.gov/sra?term=SRX11325223","NONE"
"Sample 071620 from ADM D6","GSM5412140","Public on Jun 01 2022","Jul 01 2021","Jun 01 2022","SRA","1","pancreatic acinar cells","Homo sapiens","individual: donor 071620","cell type: pancreatic acinar cells","time: ADM_Day6","race: Black","gender: Male","age_range: 21_40","bmi: 17","0 days vs. 6 days of three-dimensional (3-D) culture of acinar cells on Matrigel","The acinar clusters were collected from fresh islet-depleted cell fractions containing digested acinar clusters from cadaveric pancreas donors","total RNA","Total RNA was extracted from Trizol lysate using Qiagen miRNesay Mini Kit","The preparation was performed using the reagents provided in the NEBNext Ultra II Directional RNA Library Prep Kit for Illumina (NEB #E7760S, New England Biolabs,USA), in conjunction with the NEBNext Poly(A) mRNA Magnetic Isolation Module (NEB #E7490) and the NEBNext Multiplex Oligos for Illumina (96 Unique Dual Index Primer Pairs, NEB #6440s)","9606","s_071620D6","Quality control of sequences were performed using Trime Glore 0.5.0","low quality and adapter trimmed using Trim Glore 0.5.0","Read were aligned using Hisat2 (v 2.2.1) againes indexed human genome (Homo_sapiens.GRCh38)","Read were quatified using featureCounts from subread package 2.0.0","Genome_build: GRCh38","Supplementary_files_format_and_content: Transcript read counts, rowes are transcript values, columns are samples","GPL24676","Hesamedin,,Hakimjavadi","hhakimjavadi@chla.usc.edu","Xiaowu Gai","Pathology and Laboratory Medicine","Childrens Hospital Los Angeles","4650 Sunset Blvd","Los Angeles","California","90027","USA","0","Illumina NovaSeq 6000","cDNA","transcriptomic","RNA-Seq","BioSample: https://www.ncbi.nlm.nih.gov/biosample/SAMN19989145","SRA: https://www.ncbi.nlm.nih.gov/sra?term=SRX11325224","NONE"
"Sample 101519 from ADM D0","GSM5412141","Public on Jun 01 2022","Jul 01 2021","Jun 01 2022","SRA","1","pancreatic acinar cells","Homo sapiens","individual: donor 101519","cell type: pancreatic acinar cells","time: ADM_Day0","race: White","gender: Female","age_range: 41_60","bmi: 23.5","0 days vs. 6 days of three-dimensional (3-D) culture of acinar cells on Matrigel","The acinar clusters were collected from fresh islet-depleted cell fractions containing digested acinar clusters from cadaveric pancreas donors","total RNA","Total RNA was extracted from Trizol lysate using Qiagen miRNesay Mini Kit","The preparation was performed using the reagents provided in the NEBNext Ultra II Directional RNA Library Prep Kit for Illumina (NEB #E7760S, New England Biolabs,USA), in conjunction with the NEBNext Poly(A) mRNA Magnetic Isolation Module (NEB #E7490) and the NEBNext Multiplex Oligos for Illumina (96 Unique Dual Index Primer Pairs, NEB #6440s)","9606","s_101519D0","Quality control of sequences were performed using Trime Glore 0.5.0","low quality and adapter trimmed using Trim Glore 0.5.0","Read were aligned using Hisat2 (v 2.2.1) againes indexed human genome (Homo_sapiens.GRCh38)","Read were quatified using featureCounts from subread package 2.0.0","Genome_build: GRCh38","Supplementary_files_format_and_content: Transcript read counts, rowes are transcript values, columns are samples","GPL24676","Hesamedin,,Hakimjavadi","hhakimjavadi@chla.usc.edu","Xiaowu Gai","Pathology and Laboratory Medicine","Childrens Hospital Los Angeles","4650 Sunset Blvd","Los Angeles","California","90027","USA","0","Illumina NovaSeq 6000","cDNA","transcriptomic","RNA-Seq","BioSample: https://www.ncbi.nlm.nih.gov/biosample/SAMN19989144","SRA: https://www.ncbi.nlm.nih.gov/sra?term=SRX11325225","NONE"
"Sample 101719 from ADM D0","GSM5412142","Public on Jun 01 2022","Jul 01 2021","Jun 01 2022","SRA","1","pancreatic acinar cells","Homo sapiens","individual: donor 101719","cell type: pancreatic acinar cells","time: ADM_Day0","race: White","gender: Female","age_range: 41_60","bmi: 24.8","0 days vs. 6 days of three-dimensional (3-D) culture of acinar cells on Matrigel","The acinar clusters were collected from fresh islet-depleted cell fractions containing digested acinar clusters from cadaveric pancreas donors","total RNA","Total RNA was extracted from Trizol lysate using Qiagen miRNesay Mini Kit","The preparation was performed using the reagents provided in the NEBNext Ultra II Directional RNA Library Prep Kit for Illumina (NEB #E7760S, New England Biolabs,USA), in conjunction with the NEBNext Poly(A) mRNA Magnetic Isolation Module (NEB #E7490) and the NEBNext Multiplex Oligos for Illumina (96 Unique Dual Index Primer Pairs, NEB #6440s)","9606","s_101719D0","Quality control of sequences were performed using Trime Glore 0.5.0","low quality and adapter trimmed using Trim Glore 0.5.0","Read were aligned using Hisat2 (v 2.2.1) againes indexed human genome (Homo_sapiens.GRCh38)","Read were quatified using featureCounts from subread package 2.0.0","Genome_build: GRCh38","Supplementary_files_format_and_content: Transcript read counts, rowes are transcript values, columns are samples","GPL24676","Hesamedin,,Hakimjavadi","hhakimjavadi@chla.usc.edu","Xiaowu Gai","Pathology and Laboratory Medicine","Childrens Hospital Los Angeles","4650 Sunset Blvd","Los Angeles","California","90027","USA","0","Illumina NovaSeq 6000","cDNA","transcriptomic","RNA-Seq","BioSample: https://www.ncbi.nlm.nih.gov/biosample/SAMN19989143","SRA: https://www.ncbi.nlm.nih.gov/sra?term=SRX11325226","NONE"
"Sample 102319 from ADM D0","GSM5412143","Public on Jun 01 2022","Jul 01 2021","Jun 01 2022","SRA","1","pancreatic acinar cells","Homo sapiens","individual: donor 102319","cell type: pancreatic acinar cells","time: ADM_Day0","race: Black","gender: Male","age_range: 41_60","bmi: 25","0 days vs. 6 days of three-dimensional (3-D) culture of acinar cells on Matrigel","The acinar clusters were collected from fresh islet-depleted cell fractions containing digested acinar clusters from cadaveric pancreas donors","total RNA","Total RNA was extracted from Trizol lysate using Qiagen miRNesay Mini Kit","The preparation was performed using the reagents provided in the NEBNext Ultra II Directional RNA Library Prep Kit for Illumina (NEB #E7760S, New England Biolabs,USA), in conjunction with the NEBNext Poly(A) mRNA Magnetic Isolation Module (NEB #E7490) and the NEBNext Multiplex Oligos for Illumina (96 Unique Dual Index Primer Pairs, NEB #6440s)","9606","s_102319D0","Quality control of sequences were performed using Trime Glore 0.5.0","low quality and adapter trimmed using Trim Glore 0.5.0","Read were aligned using Hisat2 (v 2.2.1) againes indexed human genome (Homo_sapiens.GRCh38)","Read were quatified using featureCounts from subread package 2.0.0","Genome_build: GRCh38","Supplementary_files_format_and_content: Transcript read counts, rowes are transcript values, columns are samples","GPL24676","Hesamedin,,Hakimjavadi","hhakimjavadi@chla.usc.edu","Xiaowu Gai","Pathology and Laboratory Medicine","Childrens Hospital Los Angeles","4650 Sunset Blvd","Los Angeles","California","90027","USA","0","Illumina NovaSeq 6000","cDNA","transcriptomic","RNA-Seq","BioSample: https://www.ncbi.nlm.nih.gov/biosample/SAMN19989142","SRA: https://www.ncbi.nlm.nih.gov/sra?term=SRX11325227","NONE"
"Sample 103119 from ADM D0","GSM5412144","Public on Jun 01 2022","Jul 01 2021","Jun 01 2022","SRA","1","pancreatic acinar cells","Homo sapiens","individual: donor 103119","cell type: pancreatic acinar cells","time: ADM_Day0","race: White","gender: Male","age_range: 0_20","bmi: NA","0 days vs. 6 days of three-dimensional (3-D) culture of acinar cells on Matrigel","The acinar clusters were collected from fresh islet-depleted cell fractions containing digested acinar clusters from cadaveric pancreas donors","total RNA","Total RNA was extracted from Trizol lysate using Qiagen miRNesay Mini Kit","The preparation was performed using the reagents provided in the NEBNext Ultra II Directional RNA Library Prep Kit for Illumina (NEB #E7760S, New England Biolabs,USA), in conjunction with the NEBNext Poly(A) mRNA Magnetic Isolation Module (NEB #E7490) and the NEBNext Multiplex Oligos for Illumina (96 Unique Dual Index Primer Pairs, NEB #6440s)","9606","s_103119D0","Quality control of sequences were performed using Trime Glore 0.5.0","low quality and adapter trimmed using Trim Glore 0.5.0","Read were aligned using Hisat2 (v 2.2.1) againes indexed human genome (Homo_sapiens.GRCh38)","Read were quatified using featureCounts from subread package 2.0.0","Genome_build: GRCh38","Supplementary_files_format_and_content: Transcript read counts, rowes are transcript values, columns are samples","GPL24676","Hesamedin,,Hakimjavadi","hhakimjavadi@chla.usc.edu","Xiaowu Gai","Pathology and Laboratory Medicine","Childrens Hospital Los Angeles","4650 Sunset Blvd","Los Angeles","California","90027","USA","0","Illumina NovaSeq 6000","cDNA","transcriptomic","RNA-Seq","BioSample: https://www.ncbi.nlm.nih.gov/biosample/SAMN19988997","SRA: https://www.ncbi.nlm.nih.gov/sra?term=SRX11325228","NONE"
"Sample 110519 from ADM D0","GSM5412145","Public on Jun 01 2022","Jul 01 2021","Jun 01 2022","SRA","1","pancreatic acinar cells","Homo sapiens","individual: donor 110519","cell type: pancreatic acinar cells","time: ADM_Day0","race: Hispanic","gender: Female","age_range: 21_40","bmi: 26.2","0 days vs. 6 days of three-dimensional (3-D) culture of acinar cells on Matrigel","The acinar clusters were collected from fresh islet-depleted cell fractions containing digested acinar clusters from cadaveric pancreas donors","total RNA","Total RNA was extracted from Trizol lysate using Qiagen miRNesay Mini Kit","The preparation was performed using the reagents provided in the NEBNext Ultra II Directional RNA Library Prep Kit for Illumina (NEB #E7760S, New England Biolabs,USA), in conjunction with the NEBNext Poly(A) mRNA Magnetic Isolation Module (NEB #E7490) and the NEBNext Multiplex Oligos for Illumina (96 Unique Dual Index Primer Pairs, NEB #6440s)","9606","s_110519D0","Quality control of sequences were performed using Trime Glore 0.5.0","low quality and adapter trimmed using Trim Glore 0.5.0","Read were aligned using Hisat2 (v 2.2.1) againes indexed human genome (Homo_sapiens.GRCh38)","Read were quatified using featureCounts from subread package 2.0.0","Genome_build: GRCh38","Supplementary_files_format_and_content: Transcript read counts, rowes are transcript values, columns are samples","GPL24676","Hesamedin,,Hakimjavadi","hhakimjavadi@chla.usc.edu","Xiaowu Gai","Pathology and Laboratory Medicine","Childrens Hospital Los Angeles","4650 Sunset Blvd","Los Angeles","California","90027","USA","0","Illumina NovaSeq 6000","cDNA","transcriptomic","RNA-Seq","BioSample: https://www.ncbi.nlm.nih.gov/biosample/SAMN19988996","SRA: https://www.ncbi.nlm.nih.gov/sra?term=SRX11325229","NONE"
