"GSM","Case","Comparator","CA19_9","Outer_Fold","CA19_9_age_sex","CA19_9_plus_published3","CA19_9_plus_historical6"
"GSM2278612",1,"PC",">37",8,0.966864814975715,0.943912431908762,0.927529006986898
"GSM2278613",1,"PC",">37",6,0.976335267188252,0.957777206233511,0.946668178013078
"GSM2278614",1,"PC",">37",9,0.980858233804943,0.925081826380439,0.864041908809628
"GSM2278615",1,"PC","<37",1,0.559182693870281,0.761306221993899,0.428244207169056
"GSM2278616",1,"PC",">37",5,0.985445346538836,0.983511614352404,0.981761444565907
"GSM2278617",1,"PC",">37",4,0.979891307076419,0.975036286652984,0.95620658024983
"GSM2278618",1,"PC",">37",1,0.986985392426511,0.974113249392961,0.975897142382741
"GSM2278619",1,"PC",">37",9,0.995935853669057,0.970168090059966,0.96229888854429
"GSM2278620",1,"PC",">37",9,0.997414274255889,0.981089336696294,0.964925178179639
"GSM2278621",1,"PC",">37",1,0.971536406245813,0.960173359804592,0.948896127857545
"GSM2278622",1,"PC",">37",7,0.934419569458968,0.962788560046931,0.911148633870749
"GSM2278623",1,"PC",">37",6,0.992983126005192,0.958242682624412,0.973130108721346
"GSM2278624",1,"PC",">37",7,0.935667578052447,0.880846942003354,0.916415435287994
"GSM2278625",1,"PC",">37",2,0.988397377931893,0.992064575729842,0.971556064162468
"GSM2278626",1,"PC",">37",4,0.969781983279249,0.936453973890922,0.961864507304003
"GSM2278627",1,"PC",">37",3,0.991661843761297,0.991532006124289,0.986851804725824
"GSM2278628",1,"PC","<37",7,0.474390528173983,0.535326621062316,0.455469386261259
"GSM2278629",1,"PC","<37",5,0.444113466988522,0.546189688637373,0.584537295299233
"GSM2278630",1,"PC",">37",5,0.986663897112001,0.981501956689085,0.974353398573308
"GSM2278631",1,"PC",">37",10,0.97857915218829,0.973796756179216,0.984262072990841
"GSM2278632",1,"PC",">37",5,0.981093608263876,0.954429185949972,0.973481874878195
"GSM2278633",1,"PC",">37",3,0.967591932104951,0.918237624709539,0.943805538742454
"GSM2278634",1,"PC",">37",8,0.988182223858738,0.970872653291392,0.968079340710633
"GSM2278635",1,"PC",">37",7,0.941266539370976,0.931377629327874,0.889881489058725
"GSM2278636",1,"PC",">37",1,0.958157030886875,0.946921983408442,0.906451856314384
"GSM2278637",1,"PC",">37",9,0.9928698677102,0.991667712985612,0.938165339981523
"GSM2278638",1,"PC",">37",7,0.982275630345784,0.987018892607624,0.97082832141734
"GSM2278639",1,"PC",">37",1,0.980723765449123,0.979646581911323,0.971930891296042
"GSM2278640",1,"PC",">37",5,0.985758228543378,0.978857915335717,0.99116272766594
"GSM2278641",1,"PC",">37",3,0.981757126010518,0.973011903425987,0.960838926256864
"GSM2278642",1,"PC",">37",8,0.940523561772574,0.913396174316586,0.920892282973825
"GSM2278643",1,"PC",">37",6,0.980079852756605,0.981229544277465,0.929454611323961
"GSM2278644",1,"PC","<37",4,0.561341814997043,0.588942734450692,0.442841098403612
"GSM2278645",1,"PC",">37",2,0.944842231835854,0.934951293523314,0.948969121798826
"GSM2278646",1,"PC",">37",4,0.970446669545603,0.965396084347929,0.977053949871602
"GSM2278647",1,"PC",">37",8,0.972983735934357,0.955655770785556,0.905956433029433
"GSM2278648",1,"PC",">37",3,0.985648933010923,0.993589907330555,0.976640554397746
"GSM2278649",1,"PC",">37",5,0.975995148774852,0.928738796796133,0.988273882849674
"GSM2278650",1,"PC",">37",6,0.957038214997745,0.905966366648472,0.921015956480826
"GSM2278651",1,"PC",">37",10,0.859851625004481,0.889721645155634,0.966137812108824
"GSM2278652",1,"PC",">37",2,0.986552891723759,0.981002336020561,0.98070650719271
"GSM2278653",1,"PC","<37",10,0.861239108616576,0.858327625450079,0.874667080652941
"GSM2278654",1,"PC","<37",3,0.819386933815744,0.643764855901243,0.840804662814016
"GSM2278655",1,"PC",">37",4,0.972136110478234,0.984922134385811,0.936180408636859
"GSM2278656",1,"PC","<37",7,0.27374390614272,0.23321231747054,0.208746829334329
"GSM2278657",1,"PC","<37",10,0.70108562484226,0.796620915827316,0.709475410475505
"GSM2278658",1,"PC",">37",1,0.969243660100043,0.954843171921687,0.95106854761377
"GSM2278659",1,"PC",">37",10,0.921241146651142,0.883455703341594,0.816542024064779
"GSM2278660",1,"PC",">37",9,0.996133143572519,0.98410291138495,0.959157546835546
"GSM2278661",1,"PC","<37",4,0.814066344621427,0.79949962332597,0.753974639947007
"GSM2278662",1,"PC","<37",5,0.466098988125351,0.909606085172053,0.458946635014299
"GSM2278663",1,"PC",">37",6,0.973941336557202,0.9539852738758,0.9681416352678
"GSM2278664",1,"PC","<37",5,0.811575195482975,0.832432246007494,0.861793927194059
"GSM2278665",1,"PC","<37",2,0.351948746123474,0.289080833286151,0.484729106326379
"GSM2278666",1,"PC",">37",6,0.981727983434819,0.955702033066022,0.968369955676923
"GSM2278667",1,"PC",">37",2,0.962660421676174,0.972082371869924,0.891621411770254
"GSM2278668",1,"PC",">37",3,0.955688777197569,0.877672807492423,0.931087323751833
"GSM2278669",1,"PC",">37",3,0.976376625861926,0.980186642303009,0.933060516579926
"GSM2278670",1,"PC",">37",7,0.846446014926929,0.81565731130758,0.870219451285893
"GSM2278671",1,"PC","<37",8,0.842289206275031,0.826489453441221,0.812593054346017
"GSM2278672",1,"PC","<37",1,0.617120672259703,0.510727362110897,0.782272261148304
"GSM2278673",1,"PC","<37",8,0.592321732262839,0.757673121767784,0.768243011090626
"GSM2278674",1,"PC",">37",6,0.988157520914818,0.98845401671492,0.949854356562688
"GSM2278675",1,"PC","<37",8,0.771342209993787,0.66997809959303,0.624134496370705
"GSM2278676",1,"PC",">37",2,0.971058894892213,0.984242615743832,0.945410855558943
"GSM2278677",1,"PC","<37",4,0.157810470880139,0.150062641939653,0.318948541008522
"GSM2278678",1,"PC","<37",4,0.457342212530576,0.528743257694532,0.345168825322149
"GSM2278679",1,"PC","<37",2,0.771649796601112,0.79406787151899,0.7722866330608
"GSM2278680",1,"PC","<37",2,0.542855691788517,0.624011346831076,0.546105086151203
"GSM2278681",1,"PC",">37",6,0.993570683506335,0.985634919660285,0.951293634278894
"GSM2278682",1,"PC",">37",9,0.993419315021529,0.968471692692097,0.962647079662456
"GSM2278683",1,"PC","<37",10,0.216115164796769,0.166781686456789,0.265921873460702
"GSM2278684",1,"PC",">37",1,0.991898574581173,0.984999307462175,0.924098740582213
"GSM2278685",1,"PC","<37",7,0.219810612810657,0.199100990052191,0.1237622555628
"GSM2278686",1,"PC",">37",8,0.964321867611021,0.991214371361278,0.92939829943703
"GSM2278687",1,"PC",">37",7,0.988150632680327,0.983000147313552,0.984165284070097
"GSM2278688",1,"PC",">37",1,0.960703109495881,0.98664641784173,0.987108965977495
"GSM2278689",1,"PC",">37",10,0.887960155762742,0.855744610622097,0.941660502121995
"GSM2278690",1,"PC",">37",5,0.962304648209608,0.955689131840664,0.907717275977827
"GSM2278691",1,"PC",">37",2,0.974974720947301,0.964758071890117,0.941546650922723
"GSM2278692",1,"PC",">37",9,0.996707884676594,0.988875053117016,0.987879442356453
"GSM2278693",1,"PC",">37",4,0.991878886423118,0.992682823343261,0.959902265632957
"GSM2278694",1,"PC",">37",10,0.992551001486376,0.992914152144431,0.995528298586926
"GSM2278695",1,"PC",">37",3,0.990203988855149,0.973455357321306,0.96834492639539
"GSM2278696",1,"PC","<37",9,0.50401549936788,0.561635749175424,0.584522259295781
"GSM2278697",1,"PC",">37",6,0.939990553901412,0.956256461704991,0.920937216943231
"GSM2278698",1,"PC",">37",8,0.92496955840573,0.945148913986833,0.836497082455709
"GSM2278699",1,"PC",">37",3,0.991139824158543,0.995614274719187,0.972136479730393
"GSM2278734",0,"Benign","<37",1,0.755914473770276,0.75275625502512,0.832649531121694
"GSM2278735",0,"Benign","<37",5,0.782948904574099,0.713926709519531,0.816972238209596
"GSM2278736",0,"Benign","<37",4,0.376325965907985,0.390251988019079,0.407209349571456
"GSM2278737",0,"Benign","<37",10,0.65877578349215,0.582961943356153,0.834090535332972
"GSM2278738",0,"Benign","<37",2,0.31867121602297,0.465696073274722,0.328319125421143
"GSM2278740",0,"Benign","<37",7,0.612787709637767,0.559815172493937,0.647630221732851
"GSM2278742",0,"Benign",">37",9,0.980858233804943,0.983952447277445,0.909594764462949
"GSM2278743",0,"Benign","<37",6,0.62468880859462,0.487001247057605,0.748888764058604
"GSM2278744",0,"Healthy","<37",2,0.050873619043443,0.0504762548360657,0.166124715022339
"GSM2278745",0,"Healthy","<37",8,0.473737853763224,0.546030941117637,0.618805468555706
"GSM2278746",0,"Healthy","<37",9,0.294812590637254,0.383541725504,0.469357443172778
"GSM2278747",0,"Healthy","<37",10,0.680301595685559,0.662415603695944,0.735208110459794
"GSM2278748",0,"Healthy","<37",7,0.612787709637767,0.458785485567063,0.187300856777437
"GSM2278749",0,"Healthy","<37",4,0.296874816512991,0.396764582544589,0.25613095866361
"GSM2278750",0,"Healthy","<37",1,0.119467950293822,0.160182316304254,0.580531607465228
"GSM2278751",0,"Healthy","<37",2,0.294430651671406,0.179823242149613,0.329094093005818
"GSM2278752",0,"Healthy","<37",5,0.201456478067793,0.260296324185424,0.320558637427547
"GSM2278753",0,"Healthy","<37",3,0.456337706822725,0.492908775897961,0.648451618508207
"GSM2278754",0,"Healthy","<37",6,0.647556898820268,0.83705103515483,0.543229383460563
"GSM2278755",0,"Healthy","<37",1,0.279841418058995,0.246326810723306,0.282638440563196
"GSM2278756",0,"Healthy","<37",5,0.319403535950067,0.32900850419715,0.543100953116255
"GSM2278757",0,"Healthy","<37",7,0.330660929029953,0.367977219862801,0.132863945115596
"GSM2278758",0,"Healthy","<37",4,0.332885791870702,0.33254014245677,0.317841540252478
"GSM2278759",0,"Healthy","<37",3,0.47156967231275,0.461248068706067,0.411672810615571
"GSM2278760",0,"Healthy","<37",6,0.24003184331543,0.343510125126281,0.471023355377023
"GSM2278761",0,"Healthy","<37",3,0.431324697174649,0.249701499586491,0.428510087732951
"GSM2278762",0,"Healthy","<37",8,0.332147154459082,0.18871182924235,0.705093905394143
