"Title","GSM","Sample_status","Sample_submission_date","Sample_last_update_date","Sample_type","Sample_channel_count","Sample_source_name_ch1","Sample_organism_ch1","Sample_characteristics_ch1","Sample_characteristics_ch1.1","Sample_characteristics_ch1.2","Sample_characteristics_ch1.3","Sample_molecule_ch1","Sample_extract_protocol_ch1","Sample_label_ch1","Sample_label_protocol_ch1","Sample_taxid_ch1","Sample_hyb_protocol","Sample_scan_protocol","Sample_description","Sample_data_processing","Sample_platform_id","Sample_contact_name","Sample_contact_email","Sample_contact_laboratory","Sample_contact_department","Sample_contact_institute","Sample_contact_address","Sample_contact_city","Sample_contact_state","Sample_contact_zip/postal_code","Sample_contact_country","Sample_supplementary_file","Sample_data_row_count","State"
"L1, human normal pancreatic tissue","GSM2419974","Public on Dec 09 2016","Dec 08 2016","Dec 09 2016","RNA","1","Normal pancreatic tissue","Homo sapiens","tissue: Pancreas","disease state: normal","manufacturer: Ambion","catalog #: AM7954","total RNA","RNA of normal pancreatic specimens were purchased commercially. Trizol extraction of total RNA was performed on PDAC and adjacent benign specimens according to the manufacturer's instructions.","Cy3","Total RNA (100 ng)Technologies) according to the manufacturer’s instructions.","9606","Labeled RNA was hybridized to a Agilent human geneexpression microarray according to the manufacturer's instructions."," Arrays were scanned using the Agilent G2565CA manufacturer's instructions.","Gene expreesion data"," Probe intensities were extracted using FeatureExtraction software (Agilent). Value definition Probe intensities were background corrected and normalized (quantile normalization) using the LIMMA package in R.","GPL22763","Thomas,,Schmittgen","tschmittgen@cop.ufl.edu","Room 470","Pharmacy","Univ of Florida","2033 Mowry Road","Gainesville","FL - FLORIDA","32610","USA","ftp://ftp.ncbi.nlm.nih.gov/geo/samples/GSM2419nnn/GSM2419974/suppl/GSM2419974_US45103088_253971410007_S01_GE1_105_Dec08_1_1.txt.gz","56220","normal"
"L2, human normal pancreatic tissue","GSM2419975","Public on Dec 09 2016","Dec 08 2016","Dec 09 2016","RNA","1","Normal pancreatic tissue","Homo sapiens","tissue: Pancreas","disease state: normal","manufacturer: Ambion","catalog #: AM7954","total RNA","RNA of normal pancreatic specimens were purchased commercially. Trizol extraction of total RNA was performed on PDAC and adjacent benign specimens according to the manufacturer's instructions.","Cy3","Total RNA (100 ng)Technologies) according to the manufacturer’s instructions.","9606","Labeled RNA was hybridized to a Agilent human geneexpression microarray according to the manufacturer's instructions."," Arrays were scanned using the Agilent G2565CA manufacturer's instructions.","Gene expreesion data"," Probe intensities were extracted using FeatureExtraction software (Agilent). Value definition Probe intensities were background corrected and normalized (quantile normalization) using the LIMMA package in R.","GPL22763","Thomas,,Schmittgen","tschmittgen@cop.ufl.edu","Room 470","Pharmacy","Univ of Florida","2033 Mowry Road","Gainesville","FL - FLORIDA","32610","USA","ftp://ftp.ncbi.nlm.nih.gov/geo/samples/GSM2419nnn/GSM2419975/suppl/GSM2419975_US45103088_253971410007_S01_GE1_105_Dec08_1_2.txt.gz","56220","normal"
"L3, human normal pancreatic tissue","GSM2419976","Public on Dec 09 2016","Dec 08 2016","Dec 09 2016","RNA","1","Normal pancreatic tissue","Homo sapiens","tissue: Pancreas","disease state: normal","manufacturer: Ambion","catalog #: AM7954","total RNA","RNA of normal pancreatic specimens were purchased commercially. Trizol extraction of total RNA was performed on PDAC and adjacent benign specimens according to the manufacturer's instructions.","Cy3","Total RNA (100 ng)Technologies) according to the manufacturer’s instructions.","9606","Labeled RNA was hybridized to a Agilent human geneexpression microarray according to the manufacturer's instructions."," Arrays were scanned using the Agilent G2565CA manufacturer's instructions.","Gene expreesion data"," Probe intensities were extracted using FeatureExtraction software (Agilent). Value definition Probe intensities were background corrected and normalized (quantile normalization) using the LIMMA package in R.","GPL22763","Thomas,,Schmittgen","tschmittgen@cop.ufl.edu","Room 470","Pharmacy","Univ of Florida","2033 Mowry Road","Gainesville","FL - FLORIDA","32610","USA","ftp://ftp.ncbi.nlm.nih.gov/geo/samples/GSM2419nnn/GSM2419976/suppl/GSM2419976_US45103088_253971410007_S01_GE1_105_Dec08_1_3.txt.gz","56220","normal"
"L4, human normal pancreatic tissue","GSM2419977","Public on Dec 09 2016","Dec 08 2016","Dec 09 2016","RNA","1","Normal pancreatic tissue","Homo sapiens","tissue: Pancreas","disease state: normal","manufacturer: Ambion","catalog #: AM7954","total RNA","RNA of normal pancreatic specimens were purchased commercially. Trizol extraction of total RNA was performed on PDAC and adjacent benign specimens according to the manufacturer's instructions.","Cy3","Total RNA (100 ng)Technologies) according to the manufacturer’s instructions.","9606","Labeled RNA was hybridized to a Agilent human geneexpression microarray according to the manufacturer's instructions."," Arrays were scanned using the Agilent G2565CA manufacturer's instructions.","Gene expreesion data"," Probe intensities were extracted using FeatureExtraction software (Agilent). Value definition Probe intensities were background corrected and normalized (quantile normalization) using the LIMMA package in R.","GPL22763","Thomas,,Schmittgen","tschmittgen@cop.ufl.edu","Room 470","Pharmacy","Univ of Florida","2033 Mowry Road","Gainesville","FL - FLORIDA","32610","USA","ftp://ftp.ncbi.nlm.nih.gov/geo/samples/GSM2419nnn/GSM2419977/suppl/GSM2419977_US45103088_253971410007_S01_GE1_105_Dec08_1_4.txt.gz","56220","normal"
"L5, human normal pancreatic tissue","GSM2419978","Public on Dec 09 2016","Dec 08 2016","Dec 09 2016","RNA","1","Normal pancreatic tissue","Homo sapiens","tissue: Pancreas","disease state: normal","manufacturer: Clontech","catalog #: 636577","total RNA","RNA of normal pancreatic specimens were purchased commercially. Trizol extraction of total RNA was performed on PDAC and adjacent benign specimens according to the manufacturer's instructions.","Cy3","Total RNA (100 ng)Technologies) according to the manufacturer’s instructions.","9606","Labeled RNA was hybridized to a Agilent human geneexpression microarray according to the manufacturer's instructions."," Arrays were scanned using the Agilent G2565CA manufacturer's instructions.","Gene expreesion data"," Probe intensities were extracted using FeatureExtraction software (Agilent). Value definition Probe intensities were background corrected and normalized (quantile normalization) using the LIMMA package in R.","GPL22763","Thomas,,Schmittgen","tschmittgen@cop.ufl.edu","Room 470","Pharmacy","Univ of Florida","2033 Mowry Road","Gainesville","FL - FLORIDA","32610","USA","ftp://ftp.ncbi.nlm.nih.gov/geo/samples/GSM2419nnn/GSM2419978/suppl/GSM2419978_US45103088_253971410007_S01_GE1_105_Dec08_2_1.txt.gz","56220","normal"
"L6, human normal pancreatic tissue","GSM2419979","Public on Dec 09 2016","Dec 08 2016","Dec 09 2016","RNA","1","Normal pancreatic tissue","Homo sapiens","tissue: Pancreas","disease state: normal","manufacturer: Stratagen","catalog #: 540023-41","total RNA","RNA of normal pancreatic specimens were purchased commercially. Trizol extraction of total RNA was performed on PDAC and adjacent benign specimens according to the manufacturer's instructions.","Cy3","Total RNA (100 ng)Technologies) according to the manufacturer’s instructions.","9606","Labeled RNA was hybridized to a Agilent human geneexpression microarray according to the manufacturer's instructions."," Arrays were scanned using the Agilent G2565CA manufacturer's instructions.","Gene expreesion data"," Probe intensities were extracted using FeatureExtraction software (Agilent). Value definition Probe intensities were background corrected and normalized (quantile normalization) using the LIMMA package in R.","GPL22763","Thomas,,Schmittgen","tschmittgen@cop.ufl.edu","Room 470","Pharmacy","Univ of Florida","2033 Mowry Road","Gainesville","FL - FLORIDA","32610","USA","ftp://ftp.ncbi.nlm.nih.gov/geo/samples/GSM2419nnn/GSM2419979/suppl/GSM2419979_US45103088_253971410007_S01_GE1_105_Dec08_2_2.txt.gz","56220","normal"
"L7, human normal pancreatic tissue","GSM2419980","Public on Dec 09 2016","Dec 08 2016","Dec 09 2016","RNA","1","Normal pancreatic tissue","Homo sapiens","tissue: Pancreas","disease state: normal","manufacturer: Ambion","catalog #: AM7954","total RNA","RNA of normal pancreatic specimens were purchased commercially. Trizol extraction of total RNA was performed on PDAC and adjacent benign specimens according to the manufacturer's instructions.","Cy3","Total RNA (100 ng)Technologies) according to the manufacturer’s instructions.","9606","Labeled RNA was hybridized to a Agilent human geneexpression microarray according to the manufacturer's instructions."," Arrays were scanned using the Agilent G2565CA manufacturer's instructions.","Gene expreesion data"," Probe intensities were extracted using FeatureExtraction software (Agilent). Value definition Probe intensities were background corrected and normalized (quantile normalization) using the LIMMA package in R.","GPL22763","Thomas,,Schmittgen","tschmittgen@cop.ufl.edu","Room 470","Pharmacy","Univ of Florida","2033 Mowry Road","Gainesville","FL - FLORIDA","32610","USA","ftp://ftp.ncbi.nlm.nih.gov/geo/samples/GSM2419nnn/GSM2419980/suppl/GSM2419980_US45103088_253971410007_S01_GE1_105_Dec08_2_3.txt.gz","56220","normal"
"L8, human normal pancreatic tissue","GSM2419981","Public on Dec 09 2016","Dec 08 2016","Dec 09 2016","RNA","1","Normal pancreatic tissue","Homo sapiens","tissue: Pancreas","disease state: normal","manufacturer: Clontech","catalog #: 636577","total RNA","RNA of normal pancreatic specimens were purchased commercially. Trizol extraction of total RNA was performed on PDAC and adjacent benign specimens according to the manufacturer's instructions.","Cy3","Total RNA (100 ng)Technologies) according to the manufacturer’s instructions.","9606","Labeled RNA was hybridized to a Agilent human geneexpression microarray according to the manufacturer's instructions."," Arrays were scanned using the Agilent G2565CA manufacturer's instructions.","Gene expreesion data"," Probe intensities were extracted using FeatureExtraction software (Agilent). Value definition Probe intensities were background corrected and normalized (quantile normalization) using the LIMMA package in R.","GPL22763","Thomas,,Schmittgen","tschmittgen@cop.ufl.edu","Room 470","Pharmacy","Univ of Florida","2033 Mowry Road","Gainesville","FL - FLORIDA","32610","USA","ftp://ftp.ncbi.nlm.nih.gov/geo/samples/GSM2419nnn/GSM2419981/suppl/GSM2419981_US45103088_253971410007_S01_GE1_105_Dec08_2_4.txt.gz","56220","normal"
"L9, human benign pancreatic tissue","GSM2419982","Public on Dec 09 2016","Dec 08 2016","Dec 09 2016","RNA","1","Benign pancreatic tissue","Homo sapiens","tissue: Pancreas","disease state: benign","","","total RNA","RNA of normal pancreatic specimens were purchased commercially. Trizol extraction of total RNA was performed on PDAC and adjacent benign specimens according to the manufacturer's instructions.","Cy3","Total RNA (100 ng)Technologies) according to the manufacturer’s instructions.","9606","Labeled RNA was hybridized to a Agilent human geneexpression microarray according to the manufacturer's instructions."," Arrays were scanned using the Agilent G2565CA manufacturer's instructions.","Gene expreesion data"," Probe intensities were extracted using FeatureExtraction software (Agilent). Value definition Probe intensities were background corrected and normalized (quantile normalization) using the LIMMA package in R.","GPL22763","Thomas,,Schmittgen","tschmittgen@cop.ufl.edu","Room 470","Pharmacy","Univ of Florida","2033 Mowry Road","Gainesville","FL - FLORIDA","32610","USA","ftp://ftp.ncbi.nlm.nih.gov/geo/samples/GSM2419nnn/GSM2419982/suppl/GSM2419982_US45103088_253971410009_S01_GE1_105_Dec08_1_1.txt.gz","56220","benign"
"L10, human benign pancreatic tissue","GSM2419983","Public on Dec 09 2016","Dec 08 2016","Dec 09 2016","RNA","1","Benign pancreatic tissue","Homo sapiens","tissue: Pancreas","disease state: benign","","","total RNA","RNA of normal pancreatic specimens were purchased commercially. Trizol extraction of total RNA was performed on PDAC and adjacent benign specimens according to the manufacturer's instructions.","Cy3","Total RNA (100 ng)Technologies) according to the manufacturer’s instructions.","9606","Labeled RNA was hybridized to a Agilent human geneexpression microarray according to the manufacturer's instructions."," Arrays were scanned using the Agilent G2565CA manufacturer's instructions.","Gene expreesion data"," Probe intensities were extracted using FeatureExtraction software (Agilent). Value definition Probe intensities were background corrected and normalized (quantile normalization) using the LIMMA package in R.","GPL22763","Thomas,,Schmittgen","tschmittgen@cop.ufl.edu","Room 470","Pharmacy","Univ of Florida","2033 Mowry Road","Gainesville","FL - FLORIDA","32610","USA","ftp://ftp.ncbi.nlm.nih.gov/geo/samples/GSM2419nnn/GSM2419983/suppl/GSM2419983_US45103088_253971410009_S01_GE1_105_Dec08_1_2.txt.gz","56220","benign"
"L11, human benign pancreatic tissue","GSM2419984","Public on Dec 09 2016","Dec 08 2016","Dec 09 2016","RNA","1","Benign pancreatic tissue","Homo sapiens","tissue: Pancreas","disease state: benign","","","total RNA","RNA of normal pancreatic specimens were purchased commercially. Trizol extraction of total RNA was performed on PDAC and adjacent benign specimens according to the manufacturer's instructions.","Cy3","Total RNA (100 ng)Technologies) according to the manufacturer’s instructions.","9606","Labeled RNA was hybridized to a Agilent human geneexpression microarray according to the manufacturer's instructions."," Arrays were scanned using the Agilent G2565CA manufacturer's instructions.","Gene expreesion data"," Probe intensities were extracted using FeatureExtraction software (Agilent). Value definition Probe intensities were background corrected and normalized (quantile normalization) using the LIMMA package in R.","GPL22763","Thomas,,Schmittgen","tschmittgen@cop.ufl.edu","Room 470","Pharmacy","Univ of Florida","2033 Mowry Road","Gainesville","FL - FLORIDA","32610","USA","ftp://ftp.ncbi.nlm.nih.gov/geo/samples/GSM2419nnn/GSM2419984/suppl/GSM2419984_US45103088_253971410009_S01_GE1_105_Dec08_1_3.txt.gz","56220","benign"
"L12, human benign pancreatic tissue","GSM2419985","Public on Dec 09 2016","Dec 08 2016","Dec 09 2016","RNA","1","Benign pancreatic tissue","Homo sapiens","tissue: Pancreas","disease state: benign","","","total RNA","RNA of normal pancreatic specimens were purchased commercially. Trizol extraction of total RNA was performed on PDAC and adjacent benign specimens according to the manufacturer's instructions.","Cy3","Total RNA (100 ng)Technologies) according to the manufacturer’s instructions.","9606","Labeled RNA was hybridized to a Agilent human geneexpression microarray according to the manufacturer's instructions."," Arrays were scanned using the Agilent G2565CA manufacturer's instructions.","Gene expreesion data"," Probe intensities were extracted using FeatureExtraction software (Agilent). Value definition Probe intensities were background corrected and normalized (quantile normalization) using the LIMMA package in R.","GPL22763","Thomas,,Schmittgen","tschmittgen@cop.ufl.edu","Room 470","Pharmacy","Univ of Florida","2033 Mowry Road","Gainesville","FL - FLORIDA","32610","USA","ftp://ftp.ncbi.nlm.nih.gov/geo/samples/GSM2419nnn/GSM2419985/suppl/GSM2419985_US45103088_253971410009_S01_GE1_105_Dec08_1_4.txt.gz","56220","benign"
"L13, human benign pancreatic tissue","GSM2419986","Public on Dec 09 2016","Dec 08 2016","Dec 09 2016","RNA","1","Benign pancreatic tissue","Homo sapiens","tissue: Pancreas","disease state: benign","","","total RNA","RNA of normal pancreatic specimens were purchased commercially. Trizol extraction of total RNA was performed on PDAC and adjacent benign specimens according to the manufacturer's instructions.","Cy3","Total RNA (100 ng)Technologies) according to the manufacturer’s instructions.","9606","Labeled RNA was hybridized to a Agilent human geneexpression microarray according to the manufacturer's instructions."," Arrays were scanned using the Agilent G2565CA manufacturer's instructions.","Gene expreesion data"," Probe intensities were extracted using FeatureExtraction software (Agilent). Value definition Probe intensities were background corrected and normalized (quantile normalization) using the LIMMA package in R.","GPL22763","Thomas,,Schmittgen","tschmittgen@cop.ufl.edu","Room 470","Pharmacy","Univ of Florida","2033 Mowry Road","Gainesville","FL - FLORIDA","32610","USA","ftp://ftp.ncbi.nlm.nih.gov/geo/samples/GSM2419nnn/GSM2419986/suppl/GSM2419986_US45103088_253971410009_S01_GE1_105_Dec08_2_1.txt.gz","56220","benign"
"L14, human benign pancreatic tissue","GSM2419987","Public on Dec 09 2016","Dec 08 2016","Dec 09 2016","RNA","1","Benign pancreatic tissue","Homo sapiens","tissue: Pancreas","disease state: benign","","","total RNA","RNA of normal pancreatic specimens were purchased commercially. Trizol extraction of total RNA was performed on PDAC and adjacent benign specimens according to the manufacturer's instructions.","Cy3","Total RNA (100 ng)Technologies) according to the manufacturer’s instructions.","9606","Labeled RNA was hybridized to a Agilent human geneexpression microarray according to the manufacturer's instructions."," Arrays were scanned using the Agilent G2565CA manufacturer's instructions.","Gene expreesion data"," Probe intensities were extracted using FeatureExtraction software (Agilent). Value definition Probe intensities were background corrected and normalized (quantile normalization) using the LIMMA package in R.","GPL22763","Thomas,,Schmittgen","tschmittgen@cop.ufl.edu","Room 470","Pharmacy","Univ of Florida","2033 Mowry Road","Gainesville","FL - FLORIDA","32610","USA","ftp://ftp.ncbi.nlm.nih.gov/geo/samples/GSM2419nnn/GSM2419987/suppl/GSM2419987_US45103088_253971410009_S01_GE1_105_Dec08_2_2.txt.gz","56220","benign"
"L15, human benign pancreatic tissue","GSM2419988","Public on Dec 09 2016","Dec 08 2016","Dec 09 2016","RNA","1","Benign pancreatic tissue","Homo sapiens","tissue: Pancreas","disease state: benign","","","total RNA","RNA of normal pancreatic specimens were purchased commercially. Trizol extraction of total RNA was performed on PDAC and adjacent benign specimens according to the manufacturer's instructions.","Cy3","Total RNA (100 ng)Technologies) according to the manufacturer’s instructions.","9606","Labeled RNA was hybridized to a Agilent human geneexpression microarray according to the manufacturer's instructions."," Arrays were scanned using the Agilent G2565CA manufacturer's instructions.","Gene expreesion data"," Probe intensities were extracted using FeatureExtraction software (Agilent). Value definition Probe intensities were background corrected and normalized (quantile normalization) using the LIMMA package in R.","GPL22763","Thomas,,Schmittgen","tschmittgen@cop.ufl.edu","Room 470","Pharmacy","Univ of Florida","2033 Mowry Road","Gainesville","FL - FLORIDA","32610","USA","ftp://ftp.ncbi.nlm.nih.gov/geo/samples/GSM2419nnn/GSM2419988/suppl/GSM2419988_US45103088_253971410009_S01_GE1_105_Dec08_2_3.txt.gz","56220","benign"
"L16, human benign pancreatic tissue","GSM2419989","Public on Dec 09 2016","Dec 08 2016","Dec 09 2016","RNA","1","Benign pancreatic tissue","Homo sapiens","tissue: Pancreas","disease state: benign","","","total RNA","RNA of normal pancreatic specimens were purchased commercially. Trizol extraction of total RNA was performed on PDAC and adjacent benign specimens according to the manufacturer's instructions.","Cy3","Total RNA (100 ng)Technologies) according to the manufacturer’s instructions.","9606","Labeled RNA was hybridized to a Agilent human geneexpression microarray according to the manufacturer's instructions."," Arrays were scanned using the Agilent G2565CA manufacturer's instructions.","Gene expreesion data"," Probe intensities were extracted using FeatureExtraction software (Agilent). Value definition Probe intensities were background corrected and normalized (quantile normalization) using the LIMMA package in R.","GPL22763","Thomas,,Schmittgen","tschmittgen@cop.ufl.edu","Room 470","Pharmacy","Univ of Florida","2033 Mowry Road","Gainesville","FL - FLORIDA","32610","USA","ftp://ftp.ncbi.nlm.nih.gov/geo/samples/GSM2419nnn/GSM2419989/suppl/GSM2419989_US45103088_253971410009_S01_GE1_105_Dec08_2_4.txt.gz","56220","benign"
"L17, human benign pancreatic tissue","GSM2419990","Public on Dec 09 2016","Dec 08 2016","Dec 09 2016","RNA","1","Benign pancreatic tissue","Homo sapiens","tissue: Pancreas","disease state: benign","","","total RNA","RNA of normal pancreatic specimens were purchased commercially. Trizol extraction of total RNA was performed on PDAC and adjacent benign specimens according to the manufacturer's instructions.","Cy3","Total RNA (100 ng)Technologies) according to the manufacturer’s instructions.","9606","Labeled RNA was hybridized to a Agilent human geneexpression microarray according to the manufacturer's instructions."," Arrays were scanned using the Agilent G2565CA manufacturer's instructions.","Gene expreesion data"," Probe intensities were extracted using FeatureExtraction software (Agilent). Value definition Probe intensities were background corrected and normalized (quantile normalization) using the LIMMA package in R.","GPL22763","Thomas,,Schmittgen","tschmittgen@cop.ufl.edu","Room 470","Pharmacy","Univ of Florida","2033 Mowry Road","Gainesville","FL - FLORIDA","32610","USA","ftp://ftp.ncbi.nlm.nih.gov/geo/samples/GSM2419nnn/GSM2419990/suppl/GSM2419990_US45103088_253971410010_S01_GE1_105_Dec08_1_1.txt.gz","56220","benign"
"L18, human benign pancreatic tissue","GSM2419991","Public on Dec 09 2016","Dec 08 2016","Dec 09 2016","RNA","1","Benign pancreatic tissue","Homo sapiens","tissue: Pancreas","disease state: benign","","","total RNA","RNA of normal pancreatic specimens were purchased commercially. Trizol extraction of total RNA was performed on PDAC and adjacent benign specimens according to the manufacturer's instructions.","Cy3","Total RNA (100 ng)Technologies) according to the manufacturer’s instructions.","9606","Labeled RNA was hybridized to a Agilent human geneexpression microarray according to the manufacturer's instructions."," Arrays were scanned using the Agilent G2565CA manufacturer's instructions.","Gene expreesion data"," Probe intensities were extracted using FeatureExtraction software (Agilent). Value definition Probe intensities were background corrected and normalized (quantile normalization) using the LIMMA package in R.","GPL22763","Thomas,,Schmittgen","tschmittgen@cop.ufl.edu","Room 470","Pharmacy","Univ of Florida","2033 Mowry Road","Gainesville","FL - FLORIDA","32610","USA","ftp://ftp.ncbi.nlm.nih.gov/geo/samples/GSM2419nnn/GSM2419991/suppl/GSM2419991_US45103088_253971410010_S01_GE1_105_Dec08_1_2.txt.gz","56220","benign"
"L19, human benign pancreatic tissue","GSM2419992","Public on Dec 09 2016","Dec 08 2016","Dec 09 2016","RNA","1","Benign pancreatic tissue","Homo sapiens","tissue: Pancreas","disease state: benign","","","total RNA","RNA of normal pancreatic specimens were purchased commercially. Trizol extraction of total RNA was performed on PDAC and adjacent benign specimens according to the manufacturer's instructions.","Cy3","Total RNA (100 ng)Technologies) according to the manufacturer’s instructions.","9606","Labeled RNA was hybridized to a Agilent human geneexpression microarray according to the manufacturer's instructions."," Arrays were scanned using the Agilent G2565CA manufacturer's instructions.","Gene expreesion data"," Probe intensities were extracted using FeatureExtraction software (Agilent). Value definition Probe intensities were background corrected and normalized (quantile normalization) using the LIMMA package in R.","GPL22763","Thomas,,Schmittgen","tschmittgen@cop.ufl.edu","Room 470","Pharmacy","Univ of Florida","2033 Mowry Road","Gainesville","FL - FLORIDA","32610","USA","ftp://ftp.ncbi.nlm.nih.gov/geo/samples/GSM2419nnn/GSM2419992/suppl/GSM2419992_US45103088_253971410010_S01_GE1_105_Dec08_1_3.txt.gz","56220","benign"
"L20, human benign pancreatic tissue","GSM2419993","Public on Dec 09 2016","Dec 08 2016","Dec 09 2016","RNA","1","Benign pancreatic tissue","Homo sapiens","tissue: Pancreas","disease state: benign","","","total RNA","RNA of normal pancreatic specimens were purchased commercially. Trizol extraction of total RNA was performed on PDAC and adjacent benign specimens according to the manufacturer's instructions.","Cy3","Total RNA (100 ng)Technologies) according to the manufacturer’s instructions.","9606","Labeled RNA was hybridized to a Agilent human geneexpression microarray according to the manufacturer's instructions."," Arrays were scanned using the Agilent G2565CA manufacturer's instructions.","Gene expreesion data"," Probe intensities were extracted using FeatureExtraction software (Agilent). Value definition Probe intensities were background corrected and normalized (quantile normalization) using the LIMMA package in R.","GPL22763","Thomas,,Schmittgen","tschmittgen@cop.ufl.edu","Room 470","Pharmacy","Univ of Florida","2033 Mowry Road","Gainesville","FL - FLORIDA","32610","USA","ftp://ftp.ncbi.nlm.nih.gov/geo/samples/GSM2419nnn/GSM2419993/suppl/GSM2419993_US45103088_253971410010_S01_GE1_105_Dec08_1_4.txt.gz","56220","benign"
"L21, human benign pancreatic tissue","GSM2419994","Public on Dec 09 2016","Dec 08 2016","Dec 09 2016","RNA","1","Benign pancreatic tissue","Homo sapiens","tissue: Pancreas","disease state: benign","","","total RNA","RNA of normal pancreatic specimens were purchased commercially. Trizol extraction of total RNA was performed on PDAC and adjacent benign specimens according to the manufacturer's instructions.","Cy3","Total RNA (100 ng)Technologies) according to the manufacturer’s instructions.","9606","Labeled RNA was hybridized to a Agilent human geneexpression microarray according to the manufacturer's instructions."," Arrays were scanned using the Agilent G2565CA manufacturer's instructions.","Gene expreesion data"," Probe intensities were extracted using FeatureExtraction software (Agilent). Value definition Probe intensities were background corrected and normalized (quantile normalization) using the LIMMA package in R.","GPL22763","Thomas,,Schmittgen","tschmittgen@cop.ufl.edu","Room 470","Pharmacy","Univ of Florida","2033 Mowry Road","Gainesville","FL - FLORIDA","32610","USA","ftp://ftp.ncbi.nlm.nih.gov/geo/samples/GSM2419nnn/GSM2419994/suppl/GSM2419994_US45103088_253971410010_S01_GE1_105_Dec08_2_1.txt.gz","56220","benign"
"L22, human benign pancreatic tissue","GSM2419995","Public on Dec 09 2016","Dec 08 2016","Dec 09 2016","RNA","1","Benign pancreatic tissue","Homo sapiens","tissue: Pancreas","disease state: benign","","","total RNA","RNA of normal pancreatic specimens were purchased commercially. Trizol extraction of total RNA was performed on PDAC and adjacent benign specimens according to the manufacturer's instructions.","Cy3","Total RNA (100 ng)Technologies) according to the manufacturer’s instructions.","9606","Labeled RNA was hybridized to a Agilent human geneexpression microarray according to the manufacturer's instructions."," Arrays were scanned using the Agilent G2565CA manufacturer's instructions.","Gene expreesion data"," Probe intensities were extracted using FeatureExtraction software (Agilent). Value definition Probe intensities were background corrected and normalized (quantile normalization) using the LIMMA package in R.","GPL22763","Thomas,,Schmittgen","tschmittgen@cop.ufl.edu","Room 470","Pharmacy","Univ of Florida","2033 Mowry Road","Gainesville","FL - FLORIDA","32610","USA","ftp://ftp.ncbi.nlm.nih.gov/geo/samples/GSM2419nnn/GSM2419995/suppl/GSM2419995_US45103088_253971410010_S01_GE1_105_Dec08_2_2.txt.gz","56220","benign"
"L23, human benign pancreatic tissue","GSM2419996","Public on Dec 09 2016","Dec 08 2016","Dec 09 2016","RNA","1","Benign pancreatic tissue","Homo sapiens","tissue: Pancreas","disease state: benign","","","total RNA","RNA of normal pancreatic specimens were purchased commercially. Trizol extraction of total RNA was performed on PDAC and adjacent benign specimens according to the manufacturer's instructions.","Cy3","Total RNA (100 ng)Technologies) according to the manufacturer’s instructions.","9606","Labeled RNA was hybridized to a Agilent human geneexpression microarray according to the manufacturer's instructions."," Arrays were scanned using the Agilent G2565CA manufacturer's instructions.","Gene expreesion data"," Probe intensities were extracted using FeatureExtraction software (Agilent). Value definition Probe intensities were background corrected and normalized (quantile normalization) using the LIMMA package in R.","GPL22763","Thomas,,Schmittgen","tschmittgen@cop.ufl.edu","Room 470","Pharmacy","Univ of Florida","2033 Mowry Road","Gainesville","FL - FLORIDA","32610","USA","ftp://ftp.ncbi.nlm.nih.gov/geo/samples/GSM2419nnn/GSM2419996/suppl/GSM2419996_US45103088_253971410010_S01_GE1_105_Dec08_2_3.txt.gz","56220","benign"
"L24, human PDAC tissue","GSM2419997","Public on Dec 09 2016","Dec 08 2016","Dec 09 2016","RNA","1","Tumor pancreatic tissue","Homo sapiens","tissue: Pancreas","disease state: PDAC","","","total RNA","RNA of normal pancreatic specimens were purchased commercially. Trizol extraction of total RNA was performed on PDAC and adjacent benign specimens according to the manufacturer's instructions.","Cy3","Total RNA (100 ng)Technologies) according to the manufacturer’s instructions.","9606","Labeled RNA was hybridized to a Agilent human geneexpression microarray according to the manufacturer's instructions."," Arrays were scanned using the Agilent G2565CA manufacturer's instructions.","Gene expreesion data"," Probe intensities were extracted using FeatureExtraction software (Agilent). Value definition Probe intensities were background corrected and normalized (quantile normalization) using the LIMMA package in R.","GPL22763","Thomas,,Schmittgen","tschmittgen@cop.ufl.edu","Room 470","Pharmacy","Univ of Florida","2033 Mowry Road","Gainesville","FL - FLORIDA","32610","USA","ftp://ftp.ncbi.nlm.nih.gov/geo/samples/GSM2419nnn/GSM2419997/suppl/GSM2419997_US45103088_253971410010_S01_GE1_105_Dec08_2_4.txt.gz","56220","PDAC"
"L25, human PDAC tissue","GSM2419998","Public on Dec 09 2016","Dec 08 2016","Dec 09 2016","RNA","1","Tumor pancreatic tissue","Homo sapiens","tissue: Pancreas","disease state: PDAC","","","total RNA","RNA of normal pancreatic specimens were purchased commercially. Trizol extraction of total RNA was performed on PDAC and adjacent benign specimens according to the manufacturer's instructions.","Cy3","Total RNA (100 ng)Technologies) according to the manufacturer’s instructions.","9606","Labeled RNA was hybridized to a Agilent human geneexpression microarray according to the manufacturer's instructions."," Arrays were scanned using the Agilent G2565CA manufacturer's instructions.","Gene expreesion data"," Probe intensities were extracted using FeatureExtraction software (Agilent). Value definition Probe intensities were background corrected and normalized (quantile normalization) using the LIMMA package in R.","GPL22763","Thomas,,Schmittgen","tschmittgen@cop.ufl.edu","Room 470","Pharmacy","Univ of Florida","2033 Mowry Road","Gainesville","FL - FLORIDA","32610","USA","ftp://ftp.ncbi.nlm.nih.gov/geo/samples/GSM2419nnn/GSM2419998/suppl/GSM2419998_US45103088_253971410012_S01_GE1_105_Dec08_1_1.txt.gz","56220","PDAC"
"L26, human PDAC tissue","GSM2419999","Public on Dec 09 2016","Dec 08 2016","Dec 09 2016","RNA","1","Tumor pancreatic tissue","Homo sapiens","tissue: Pancreas","disease state: PDAC","","","total RNA","RNA of normal pancreatic specimens were purchased commercially. Trizol extraction of total RNA was performed on PDAC and adjacent benign specimens according to the manufacturer's instructions.","Cy3","Total RNA (100 ng)Technologies) according to the manufacturer’s instructions.","9606","Labeled RNA was hybridized to a Agilent human geneexpression microarray according to the manufacturer's instructions."," Arrays were scanned using the Agilent G2565CA manufacturer's instructions.","Gene expreesion data"," Probe intensities were extracted using FeatureExtraction software (Agilent). Value definition Probe intensities were background corrected and normalized (quantile normalization) using the LIMMA package in R.","GPL22763","Thomas,,Schmittgen","tschmittgen@cop.ufl.edu","Room 470","Pharmacy","Univ of Florida","2033 Mowry Road","Gainesville","FL - FLORIDA","32610","USA","ftp://ftp.ncbi.nlm.nih.gov/geo/samples/GSM2419nnn/GSM2419999/suppl/GSM2419999_US45103088_253971410012_S01_GE1_105_Dec08_1_2.txt.gz","56220","PDAC"
"L27, human PDAC tissue","GSM2420000","Public on Dec 09 2016","Dec 08 2016","Dec 09 2016","RNA","1","Tumor pancreatic tissue","Homo sapiens","tissue: Pancreas","disease state: PDAC","","","total RNA","RNA of normal pancreatic specimens were purchased commercially. Trizol extraction of total RNA was performed on PDAC and adjacent benign specimens according to the manufacturer's instructions.","Cy3","Total RNA (100 ng)Technologies) according to the manufacturer’s instructions.","9606","Labeled RNA was hybridized to a Agilent human geneexpression microarray according to the manufacturer's instructions."," Arrays were scanned using the Agilent G2565CA manufacturer's instructions.","Gene expreesion data"," Probe intensities were extracted using FeatureExtraction software (Agilent). Value definition Probe intensities were background corrected and normalized (quantile normalization) using the LIMMA package in R.","GPL22763","Thomas,,Schmittgen","tschmittgen@cop.ufl.edu","Room 470","Pharmacy","Univ of Florida","2033 Mowry Road","Gainesville","FL - FLORIDA","32610","USA","ftp://ftp.ncbi.nlm.nih.gov/geo/samples/GSM2420nnn/GSM2420000/suppl/GSM2420000_US45103088_253971410012_S01_GE1_105_Dec08_1_3.txt.gz","56220","PDAC"
"L28, human PDAC tissue","GSM2420001","Public on Dec 09 2016","Dec 08 2016","Dec 09 2016","RNA","1","Tumor pancreatic tissue","Homo sapiens","tissue: Pancreas","disease state: PDAC","","","total RNA","RNA of normal pancreatic specimens were purchased commercially. Trizol extraction of total RNA was performed on PDAC and adjacent benign specimens according to the manufacturer's instructions.","Cy3","Total RNA (100 ng)Technologies) according to the manufacturer’s instructions.","9606","Labeled RNA was hybridized to a Agilent human geneexpression microarray according to the manufacturer's instructions."," Arrays were scanned using the Agilent G2565CA manufacturer's instructions.","Gene expreesion data"," Probe intensities were extracted using FeatureExtraction software (Agilent). Value definition Probe intensities were background corrected and normalized (quantile normalization) using the LIMMA package in R.","GPL22763","Thomas,,Schmittgen","tschmittgen@cop.ufl.edu","Room 470","Pharmacy","Univ of Florida","2033 Mowry Road","Gainesville","FL - FLORIDA","32610","USA","ftp://ftp.ncbi.nlm.nih.gov/geo/samples/GSM2420nnn/GSM2420001/suppl/GSM2420001_US45103088_253971410012_S01_GE1_105_Dec08_1_4.txt.gz","56220","PDAC"
"L29, human PDAC tissue","GSM2420002","Public on Dec 09 2016","Dec 08 2016","Dec 09 2016","RNA","1","Tumor pancreatic tissue","Homo sapiens","tissue: Pancreas","disease state: PDAC","","","total RNA","RNA of normal pancreatic specimens were purchased commercially. Trizol extraction of total RNA was performed on PDAC and adjacent benign specimens according to the manufacturer's instructions.","Cy3","Total RNA (100 ng)Technologies) according to the manufacturer’s instructions.","9606","Labeled RNA was hybridized to a Agilent human geneexpression microarray according to the manufacturer's instructions."," Arrays were scanned using the Agilent G2565CA manufacturer's instructions.","Gene expreesion data"," Probe intensities were extracted using FeatureExtraction software (Agilent). Value definition Probe intensities were background corrected and normalized (quantile normalization) using the LIMMA package in R.","GPL22763","Thomas,,Schmittgen","tschmittgen@cop.ufl.edu","Room 470","Pharmacy","Univ of Florida","2033 Mowry Road","Gainesville","FL - FLORIDA","32610","USA","ftp://ftp.ncbi.nlm.nih.gov/geo/samples/GSM2420nnn/GSM2420002/suppl/GSM2420002_US45103088_253971410012_S01_GE1_105_Dec08_2_1.txt.gz","56220","PDAC"
"L30, human PDAC tissue","GSM2420003","Public on Dec 09 2016","Dec 08 2016","Dec 09 2016","RNA","1","Tumor pancreatic tissue","Homo sapiens","tissue: Pancreas","disease state: PDAC","","","total RNA","RNA of normal pancreatic specimens were purchased commercially. Trizol extraction of total RNA was performed on PDAC and adjacent benign specimens according to the manufacturer's instructions.","Cy3","Total RNA (100 ng)Technologies) according to the manufacturer’s instructions.","9606","Labeled RNA was hybridized to a Agilent human geneexpression microarray according to the manufacturer's instructions."," Arrays were scanned using the Agilent G2565CA manufacturer's instructions.","Gene expreesion data"," Probe intensities were extracted using FeatureExtraction software (Agilent). Value definition Probe intensities were background corrected and normalized (quantile normalization) using the LIMMA package in R.","GPL22763","Thomas,,Schmittgen","tschmittgen@cop.ufl.edu","Room 470","Pharmacy","Univ of Florida","2033 Mowry Road","Gainesville","FL - FLORIDA","32610","USA","ftp://ftp.ncbi.nlm.nih.gov/geo/samples/GSM2420nnn/GSM2420003/suppl/GSM2420003_US45103088_253971410012_S01_GE1_105_Dec08_2_2.txt.gz","56220","PDAC"
"L31, human PDAC tissue","GSM2420004","Public on Dec 09 2016","Dec 08 2016","Dec 09 2016","RNA","1","Tumor pancreatic tissue","Homo sapiens","tissue: Pancreas","disease state: PDAC","","","total RNA","RNA of normal pancreatic specimens were purchased commercially. Trizol extraction of total RNA was performed on PDAC and adjacent benign specimens according to the manufacturer's instructions.","Cy3","Total RNA (100 ng)Technologies) according to the manufacturer’s instructions.","9606","Labeled RNA was hybridized to a Agilent human geneexpression microarray according to the manufacturer's instructions."," Arrays were scanned using the Agilent G2565CA manufacturer's instructions.","Gene expreesion data"," Probe intensities were extracted using FeatureExtraction software (Agilent). Value definition Probe intensities were background corrected and normalized (quantile normalization) using the LIMMA package in R.","GPL22763","Thomas,,Schmittgen","tschmittgen@cop.ufl.edu","Room 470","Pharmacy","Univ of Florida","2033 Mowry Road","Gainesville","FL - FLORIDA","32610","USA","ftp://ftp.ncbi.nlm.nih.gov/geo/samples/GSM2420nnn/GSM2420004/suppl/GSM2420004_US45103088_253971410012_S01_GE1_105_Dec08_2_3.txt.gz","56220","PDAC"
"L32, human PDAC tissue","GSM2420005","Public on Dec 09 2016","Dec 08 2016","Dec 09 2016","RNA","1","Tumor pancreatic tissue","Homo sapiens","tissue: Pancreas","disease state: PDAC","","","total RNA","RNA of normal pancreatic specimens were purchased commercially. Trizol extraction of total RNA was performed on PDAC and adjacent benign specimens according to the manufacturer's instructions.","Cy3","Total RNA (100 ng)Technologies) according to the manufacturer’s instructions.","9606","Labeled RNA was hybridized to a Agilent human geneexpression microarray according to the manufacturer's instructions."," Arrays were scanned using the Agilent G2565CA manufacturer's instructions.","Gene expreesion data"," Probe intensities were extracted using FeatureExtraction software (Agilent). Value definition Probe intensities were background corrected and normalized (quantile normalization) using the LIMMA package in R.","GPL22763","Thomas,,Schmittgen","tschmittgen@cop.ufl.edu","Room 470","Pharmacy","Univ of Florida","2033 Mowry Road","Gainesville","FL - FLORIDA","32610","USA","ftp://ftp.ncbi.nlm.nih.gov/geo/samples/GSM2420nnn/GSM2420005/suppl/GSM2420005_US45103088_253971410012_S01_GE1_105_Dec08_2_4.txt.gz","56220","PDAC"
"L33, human PDAC tissue","GSM2420006","Public on Dec 09 2016","Dec 08 2016","Dec 09 2016","RNA","1","Tumor pancreatic tissue","Homo sapiens","tissue: Pancreas","disease state: PDAC","","","total RNA","RNA of normal pancreatic specimens were purchased commercially. Trizol extraction of total RNA was performed on PDAC and adjacent benign specimens according to the manufacturer's instructions.","Cy3","Total RNA (100 ng)Technologies) according to the manufacturer’s instructions.","9606","Labeled RNA was hybridized to a Agilent human geneexpression microarray according to the manufacturer's instructions."," Arrays were scanned using the Agilent G2565CA manufacturer's instructions.","Gene expreesion data"," Probe intensities were extracted using FeatureExtraction software (Agilent). Value definition Probe intensities were background corrected and normalized (quantile normalization) using the LIMMA package in R.","GPL22763","Thomas,,Schmittgen","tschmittgen@cop.ufl.edu","Room 470","Pharmacy","Univ of Florida","2033 Mowry Road","Gainesville","FL - FLORIDA","32610","USA","ftp://ftp.ncbi.nlm.nih.gov/geo/samples/GSM2420nnn/GSM2420006/suppl/GSM2420006_US45103088_253971410016_S01_GE1_105_Dec08_1_1.txt.gz","56220","PDAC"
"L34, human CP tissue","GSM2420007","Public on Dec 09 2016","Dec 08 2016","Feb 02 2017","RNA","1","Chronic Pancreatitis tissue","Homo sapiens","tissue: Pancreas","disease state: Chronic Pancreatitis","","","total RNA","RNA of normal pancreatic specimens were purchased commercially. Trizol extraction of total RNA was performed on PDAC and adjacent benign specimens according to the manufacturer's instructions.","Cy3","Total RNA (100 ng)Technologies) according to the manufacturer’s instructions.","9606","Labeled RNA was hybridized to a Agilent human geneexpression microarray according to the manufacturer's instructions."," Arrays were scanned using the Agilent G2565CA manufacturer's instructions.","Gene expreesion data"," Probe intensities were extracted using FeatureExtraction software (Agilent). Value definition Probe intensities were background corrected and normalized (quantile normalization) using the LIMMA package in R.","GPL22763","Thomas,,Schmittgen","tschmittgen@cop.ufl.edu","Room 470","Pharmacy","Univ of Florida","2033 Mowry Road","Gainesville","FL - FLORIDA","32610","USA","ftp://ftp.ncbi.nlm.nih.gov/geo/samples/GSM2420nnn/GSM2420007/suppl/GSM2420007_US45103088_253971410016_S01_GE1_105_Dec08_1_2.txt.gz","56220","CP"
"L35, human PDAC tissue","GSM2420008","Public on Dec 09 2016","Dec 08 2016","Dec 09 2016","RNA","1","Tumor pancreatic tissue","Homo sapiens","tissue: Pancreas","disease state: PDAC","","","total RNA","RNA of normal pancreatic specimens were purchased commercially. Trizol extraction of total RNA was performed on PDAC and adjacent benign specimens according to the manufacturer's instructions.","Cy3","Total RNA (100 ng)Technologies) according to the manufacturer’s instructions.","9606","Labeled RNA was hybridized to a Agilent human geneexpression microarray according to the manufacturer's instructions."," Arrays were scanned using the Agilent G2565CA manufacturer's instructions.","Gene expreesion data"," Probe intensities were extracted using FeatureExtraction software (Agilent). Value definition Probe intensities were background corrected and normalized (quantile normalization) using the LIMMA package in R.","GPL22763","Thomas,,Schmittgen","tschmittgen@cop.ufl.edu","Room 470","Pharmacy","Univ of Florida","2033 Mowry Road","Gainesville","FL - FLORIDA","32610","USA","ftp://ftp.ncbi.nlm.nih.gov/geo/samples/GSM2420nnn/GSM2420008/suppl/GSM2420008_US45103088_253971410016_S01_GE1_105_Dec08_1_3.txt.gz","56220","PDAC"
"L36, human PDAC tissue","GSM2420009","Public on Dec 09 2016","Dec 08 2016","Dec 09 2016","RNA","1","Tumor pancreatic tissue","Homo sapiens","tissue: Pancreas","disease state: PDAC","","","total RNA","RNA of normal pancreatic specimens were purchased commercially. Trizol extraction of total RNA was performed on PDAC and adjacent benign specimens according to the manufacturer's instructions.","Cy3","Total RNA (100 ng)Technologies) according to the manufacturer’s instructions.","9606","Labeled RNA was hybridized to a Agilent human geneexpression microarray according to the manufacturer's instructions."," Arrays were scanned using the Agilent G2565CA manufacturer's instructions.","Gene expreesion data"," Probe intensities were extracted using FeatureExtraction software (Agilent). Value definition Probe intensities were background corrected and normalized (quantile normalization) using the LIMMA package in R.","GPL22763","Thomas,,Schmittgen","tschmittgen@cop.ufl.edu","Room 470","Pharmacy","Univ of Florida","2033 Mowry Road","Gainesville","FL - FLORIDA","32610","USA","ftp://ftp.ncbi.nlm.nih.gov/geo/samples/GSM2420nnn/GSM2420009/suppl/GSM2420009_US45103088_253971410016_S01_GE1_105_Dec08_1_4.txt.gz","56220","PDAC"
"L37, human CP tissue","GSM2420010","Public on Dec 09 2016","Dec 08 2016","Feb 02 2017","RNA","1","Chronic Pancreatitis tissue","Homo sapiens","tissue: Pancreas","disease state: Chronic Pancreatitis","","","total RNA","RNA of normal pancreatic specimens were purchased commercially. Trizol extraction of total RNA was performed on PDAC and adjacent benign specimens according to the manufacturer's instructions.","Cy3","Total RNA (100 ng)Technologies) according to the manufacturer’s instructions.","9606","Labeled RNA was hybridized to a Agilent human geneexpression microarray according to the manufacturer's instructions."," Arrays were scanned using the Agilent G2565CA manufacturer's instructions.","Gene expreesion data"," Probe intensities were extracted using FeatureExtraction software (Agilent). Value definition Probe intensities were background corrected and normalized (quantile normalization) using the LIMMA package in R.","GPL22763","Thomas,,Schmittgen","tschmittgen@cop.ufl.edu","Room 470","Pharmacy","Univ of Florida","2033 Mowry Road","Gainesville","FL - FLORIDA","32610","USA","ftp://ftp.ncbi.nlm.nih.gov/geo/samples/GSM2420nnn/GSM2420010/suppl/GSM2420010_US45103088_253971410016_S01_GE1_105_Dec08_2_1.txt.gz","56220","CP"
"L38, human PDAC tissue","GSM2420011","Public on Dec 09 2016","Dec 08 2016","Dec 09 2016","RNA","1","Tumor pancreatic tissue","Homo sapiens","tissue: Pancreas","disease state: PDAC","","","total RNA","RNA of normal pancreatic specimens were purchased commercially. Trizol extraction of total RNA was performed on PDAC and adjacent benign specimens according to the manufacturer's instructions.","Cy3","Total RNA (100 ng)Technologies) according to the manufacturer’s instructions.","9606","Labeled RNA was hybridized to a Agilent human geneexpression microarray according to the manufacturer's instructions."," Arrays were scanned using the Agilent G2565CA manufacturer's instructions.","Gene expreesion data"," Probe intensities were extracted using FeatureExtraction software (Agilent). Value definition Probe intensities were background corrected and normalized (quantile normalization) using the LIMMA package in R.","GPL22763","Thomas,,Schmittgen","tschmittgen@cop.ufl.edu","Room 470","Pharmacy","Univ of Florida","2033 Mowry Road","Gainesville","FL - FLORIDA","32610","USA","ftp://ftp.ncbi.nlm.nih.gov/geo/samples/GSM2420nnn/GSM2420011/suppl/GSM2420011_US45103088_253971410016_S01_GE1_105_Dec08_2_2.txt.gz","56220","PDAC"
"L39, human PDAC tissue","GSM2420012","Public on Dec 09 2016","Dec 08 2016","Dec 09 2016","RNA","1","Tumor pancreatic tissue","Homo sapiens","tissue: Pancreas","disease state: PDAC","","","total RNA","RNA of normal pancreatic specimens were purchased commercially. Trizol extraction of total RNA was performed on PDAC and adjacent benign specimens according to the manufacturer's instructions.","Cy3","Total RNA (100 ng)Technologies) according to the manufacturer’s instructions.","9606","Labeled RNA was hybridized to a Agilent human geneexpression microarray according to the manufacturer's instructions."," Arrays were scanned using the Agilent G2565CA manufacturer's instructions.","Gene expreesion data"," Probe intensities were extracted using FeatureExtraction software (Agilent). Value definition Probe intensities were background corrected and normalized (quantile normalization) using the LIMMA package in R.","GPL22763","Thomas,,Schmittgen","tschmittgen@cop.ufl.edu","Room 470","Pharmacy","Univ of Florida","2033 Mowry Road","Gainesville","FL - FLORIDA","32610","USA","ftp://ftp.ncbi.nlm.nih.gov/geo/samples/GSM2420nnn/GSM2420012/suppl/GSM2420012_US45103088_253971410016_S01_GE1_105_Dec08_2_3.txt.gz","56220","PDAC"
"L40, human PDAC tissue","GSM2420013","Public on Dec 09 2016","Dec 08 2016","Dec 09 2016","RNA","1","Tumor pancreatic tissue","Homo sapiens","tissue: Pancreas","disease state: PDAC","","","total RNA","RNA of normal pancreatic specimens were purchased commercially. Trizol extraction of total RNA was performed on PDAC and adjacent benign specimens according to the manufacturer's instructions.","Cy3","Total RNA (100 ng)Technologies) according to the manufacturer’s instructions.","9606","Labeled RNA was hybridized to a Agilent human geneexpression microarray according to the manufacturer's instructions."," Arrays were scanned using the Agilent G2565CA manufacturer's instructions.","Gene expreesion data"," Probe intensities were extracted using FeatureExtraction software (Agilent). Value definition Probe intensities were background corrected and normalized (quantile normalization) using the LIMMA package in R.","GPL22763","Thomas,,Schmittgen","tschmittgen@cop.ufl.edu","Room 470","Pharmacy","Univ of Florida","2033 Mowry Road","Gainesville","FL - FLORIDA","32610","USA","ftp://ftp.ncbi.nlm.nih.gov/geo/samples/GSM2420nnn/GSM2420013/suppl/GSM2420013_US45103088_253971410016_S01_GE1_105_Dec08_2_4.txt.gz","56220","PDAC"
"L41, human PDAC tissue","GSM2420014","Public on Dec 09 2016","Dec 08 2016","Dec 09 2016","RNA","1","Tumor pancreatic tissue","Homo sapiens","tissue: Pancreas","disease state: PDAC","","","total RNA","RNA of normal pancreatic specimens were purchased commercially. Trizol extraction of total RNA was performed on PDAC and adjacent benign specimens according to the manufacturer's instructions.","Cy3","Total RNA (100 ng)Technologies) according to the manufacturer’s instructions.","9606","Labeled RNA was hybridized to a Agilent human geneexpression microarray according to the manufacturer's instructions."," Arrays were scanned using the Agilent G2565CA manufacturer's instructions.","Gene expreesion data"," Probe intensities were extracted using FeatureExtraction software (Agilent). Value definition Probe intensities were background corrected and normalized (quantile normalization) using the LIMMA package in R.","GPL22763","Thomas,,Schmittgen","tschmittgen@cop.ufl.edu","Room 470","Pharmacy","Univ of Florida","2033 Mowry Road","Gainesville","FL - FLORIDA","32610","USA","ftp://ftp.ncbi.nlm.nih.gov/geo/samples/GSM2420nnn/GSM2420014/suppl/GSM2420014_US45103088_253971410017_S01_GE1_105_Dec08_2_2.txt.gz","56220","PDAC"
"L42, human PDAC tissue","GSM2420015","Public on Dec 09 2016","Dec 08 2016","Dec 09 2016","RNA","1","Tumor pancreatic tissue","Homo sapiens","tissue: Pancreas","disease state: PDAC","","","total RNA","RNA of normal pancreatic specimens were purchased commercially. Trizol extraction of total RNA was performed on PDAC and adjacent benign specimens according to the manufacturer's instructions.","Cy3","Total RNA (100 ng)Technologies) according to the manufacturer’s instructions.","9606","Labeled RNA was hybridized to a Agilent human geneexpression microarray according to the manufacturer's instructions."," Arrays were scanned using the Agilent G2565CA manufacturer's instructions.","Gene expreesion data"," Probe intensities were extracted using FeatureExtraction software (Agilent). Value definition Probe intensities were background corrected and normalized (quantile normalization) using the LIMMA package in R.","GPL22763","Thomas,,Schmittgen","tschmittgen@cop.ufl.edu","Room 470","Pharmacy","Univ of Florida","2033 Mowry Road","Gainesville","FL - FLORIDA","32610","USA","ftp://ftp.ncbi.nlm.nih.gov/geo/samples/GSM2420nnn/GSM2420015/suppl/GSM2420015_US45103088_253971410017_S01_GE1_105_Dec08_2_3.txt.gz","56220","PDAC"
"L43, human PDAC tissue","GSM2420016","Public on Dec 09 2016","Dec 08 2016","Dec 09 2016","RNA","1","Tumor pancreatic tissue","Homo sapiens","tissue: Pancreas","disease state: PDAC","","","total RNA","RNA of normal pancreatic specimens were purchased commercially. Trizol extraction of total RNA was performed on PDAC and adjacent benign specimens according to the manufacturer's instructions.","Cy3","Total RNA (100 ng)Technologies) according to the manufacturer’s instructions.","9606","Labeled RNA was hybridized to a Agilent human geneexpression microarray according to the manufacturer's instructions."," Arrays were scanned using the Agilent G2565CA manufacturer's instructions.","Gene expreesion data"," Probe intensities were extracted using FeatureExtraction software (Agilent). Value definition Probe intensities were background corrected and normalized (quantile normalization) using the LIMMA package in R.","GPL22763","Thomas,,Schmittgen","tschmittgen@cop.ufl.edu","Room 470","Pharmacy","Univ of Florida","2033 Mowry Road","Gainesville","FL - FLORIDA","32610","USA","ftp://ftp.ncbi.nlm.nih.gov/geo/samples/GSM2420nnn/GSM2420016/suppl/GSM2420016_US45103088_253971410017_S01_GE1_105_Dec08_2_4.txt.gz","56220","PDAC"
"L44, human PDAC tissue","GSM2420017","Public on Dec 09 2016","Dec 08 2016","Dec 09 2016","RNA","1","Tumor pancreatic tissue","Homo sapiens","tissue: Pancreas","disease state: PDAC","","","total RNA","RNA of normal pancreatic specimens were purchased commercially. Trizol extraction of total RNA was performed on PDAC and adjacent benign specimens according to the manufacturer's instructions.","Cy3","Total RNA (100 ng)Technologies) according to the manufacturer’s instructions.","9606","Labeled RNA was hybridized to a Agilent human geneexpression microarray according to the manufacturer's instructions."," Arrays were scanned using the Agilent G2565CA manufacturer's instructions.","Gene expreesion data"," Probe intensities were extracted using FeatureExtraction software (Agilent). Value definition Probe intensities were background corrected and normalized (quantile normalization) using the LIMMA package in R.","GPL22763","Thomas,,Schmittgen","tschmittgen@cop.ufl.edu","Room 470","Pharmacy","Univ of Florida","2033 Mowry Road","Gainesville","FL - FLORIDA","32610","USA","ftp://ftp.ncbi.nlm.nih.gov/geo/samples/GSM2420nnn/GSM2420017/suppl/GSM2420017_US45103088_253971410019_S01_GE1_105_Dec08_1_1.txt.gz","56220","PDAC"
"L45, human PDAC tissue","GSM2420018","Public on Dec 09 2016","Dec 08 2016","Dec 09 2016","RNA","1","Tumor pancreatic tissue","Homo sapiens","tissue: Pancreas","disease state: PDAC","","","total RNA","RNA of normal pancreatic specimens were purchased commercially. Trizol extraction of total RNA was performed on PDAC and adjacent benign specimens according to the manufacturer's instructions.","Cy3","Total RNA (100 ng)Technologies) according to the manufacturer’s instructions.","9606","Labeled RNA was hybridized to a Agilent human geneexpression microarray according to the manufacturer's instructions."," Arrays were scanned using the Agilent G2565CA manufacturer's instructions.","Gene expreesion data"," Probe intensities were extracted using FeatureExtraction software (Agilent). Value definition Probe intensities were background corrected and normalized (quantile normalization) using the LIMMA package in R.","GPL22763","Thomas,,Schmittgen","tschmittgen@cop.ufl.edu","Room 470","Pharmacy","Univ of Florida","2033 Mowry Road","Gainesville","FL - FLORIDA","32610","USA","ftp://ftp.ncbi.nlm.nih.gov/geo/samples/GSM2420nnn/GSM2420018/suppl/GSM2420018_US45103088_253971410019_S01_GE1_105_Dec08_1_2.txt.gz","56220","PDAC"
"L46, human PDAC tissue","GSM2420019","Public on Dec 09 2016","Dec 08 2016","Dec 09 2016","RNA","1","Tumor pancreatic tissue","Homo sapiens","tissue: Pancreas","disease state: PDAC","","","total RNA","RNA of normal pancreatic specimens were purchased commercially. Trizol extraction of total RNA was performed on PDAC and adjacent benign specimens according to the manufacturer's instructions.","Cy3","Total RNA (100 ng)Technologies) according to the manufacturer’s instructions.","9606","Labeled RNA was hybridized to a Agilent human geneexpression microarray according to the manufacturer's instructions."," Arrays were scanned using the Agilent G2565CA manufacturer's instructions.","Gene expreesion data"," Probe intensities were extracted using FeatureExtraction software (Agilent). Value definition Probe intensities were background corrected and normalized (quantile normalization) using the LIMMA package in R.","GPL22763","Thomas,,Schmittgen","tschmittgen@cop.ufl.edu","Room 470","Pharmacy","Univ of Florida","2033 Mowry Road","Gainesville","FL - FLORIDA","32610","USA","ftp://ftp.ncbi.nlm.nih.gov/geo/samples/GSM2420nnn/GSM2420019/suppl/GSM2420019_US45103088_253971410019_S01_GE1_105_Dec08_1_3.txt.gz","56220","PDAC"
"L47, human PDAC tissue","GSM2420020","Public on Dec 09 2016","Dec 08 2016","Dec 09 2016","RNA","1","Tumor pancreatic tissue","Homo sapiens","tissue: Pancreas","disease state: PDAC","","","total RNA","RNA of normal pancreatic specimens were purchased commercially. Trizol extraction of total RNA was performed on PDAC and adjacent benign specimens according to the manufacturer's instructions.","Cy3","Total RNA (100 ng)Technologies) according to the manufacturer’s instructions.","9606","Labeled RNA was hybridized to a Agilent human geneexpression microarray according to the manufacturer's instructions."," Arrays were scanned using the Agilent G2565CA manufacturer's instructions.","Gene expreesion data"," Probe intensities were extracted using FeatureExtraction software (Agilent). Value definition Probe intensities were background corrected and normalized (quantile normalization) using the LIMMA package in R.","GPL22763","Thomas,,Schmittgen","tschmittgen@cop.ufl.edu","Room 470","Pharmacy","Univ of Florida","2033 Mowry Road","Gainesville","FL - FLORIDA","32610","USA","ftp://ftp.ncbi.nlm.nih.gov/geo/samples/GSM2420nnn/GSM2420020/suppl/GSM2420020_US45103088_253971410019_S01_GE1_105_Dec08_1_4.txt.gz","56220","PDAC"
"L48, human PDAC tissue","GSM2420021","Public on Dec 09 2016","Dec 08 2016","Dec 09 2016","RNA","1","Tumor pancreatic tissue","Homo sapiens","tissue: Pancreas","disease state: PDAC","","","total RNA","RNA of normal pancreatic specimens were purchased commercially. Trizol extraction of total RNA was performed on PDAC and adjacent benign specimens according to the manufacturer's instructions.","Cy3","Total RNA (100 ng)Technologies) according to the manufacturer’s instructions.","9606","Labeled RNA was hybridized to a Agilent human geneexpression microarray according to the manufacturer's instructions."," Arrays were scanned using the Agilent G2565CA manufacturer's instructions.","Gene expreesion data"," Probe intensities were extracted using FeatureExtraction software (Agilent). Value definition Probe intensities were background corrected and normalized (quantile normalization) using the LIMMA package in R.","GPL22763","Thomas,,Schmittgen","tschmittgen@cop.ufl.edu","Room 470","Pharmacy","Univ of Florida","2033 Mowry Road","Gainesville","FL - FLORIDA","32610","USA","ftp://ftp.ncbi.nlm.nih.gov/geo/samples/GSM2420nnn/GSM2420021/suppl/GSM2420021_US45103088_253971410019_S01_GE1_105_Dec08_2_1.txt.gz","56220","PDAC"
"L49, human PDAC tissue","GSM2420022","Public on Dec 09 2016","Dec 08 2016","Dec 09 2016","RNA","1","Tumor pancreatic tissue","Homo sapiens","tissue: Pancreas","disease state: PDAC","","","total RNA","RNA of normal pancreatic specimens were purchased commercially. Trizol extraction of total RNA was performed on PDAC and adjacent benign specimens according to the manufacturer's instructions.","Cy3","Total RNA (100 ng)Technologies) according to the manufacturer’s instructions.","9606","Labeled RNA was hybridized to a Agilent human geneexpression microarray according to the manufacturer's instructions."," Arrays were scanned using the Agilent G2565CA manufacturer's instructions.","Gene expreesion data"," Probe intensities were extracted using FeatureExtraction software (Agilent). Value definition Probe intensities were background corrected and normalized (quantile normalization) using the LIMMA package in R.","GPL22763","Thomas,,Schmittgen","tschmittgen@cop.ufl.edu","Room 470","Pharmacy","Univ of Florida","2033 Mowry Road","Gainesville","FL - FLORIDA","32610","USA","ftp://ftp.ncbi.nlm.nih.gov/geo/samples/GSM2420nnn/GSM2420022/suppl/GSM2420022_US45103088_253971410019_S01_GE1_105_Dec08_2_2.txt.gz","56220","PDAC"
"L50, human PDAC tissue","GSM2420023","Public on Dec 09 2016","Dec 08 2016","Dec 09 2016","RNA","1","Tumor pancreatic tissue","Homo sapiens","tissue: Pancreas","disease state: PDAC","","","total RNA","RNA of normal pancreatic specimens were purchased commercially. Trizol extraction of total RNA was performed on PDAC and adjacent benign specimens according to the manufacturer's instructions.","Cy3","Total RNA (100 ng)Technologies) according to the manufacturer’s instructions.","9606","Labeled RNA was hybridized to a Agilent human geneexpression microarray according to the manufacturer's instructions."," Arrays were scanned using the Agilent G2565CA manufacturer's instructions.","Gene expreesion data"," Probe intensities were extracted using FeatureExtraction software (Agilent). Value definition Probe intensities were background corrected and normalized (quantile normalization) using the LIMMA package in R.","GPL22763","Thomas,,Schmittgen","tschmittgen@cop.ufl.edu","Room 470","Pharmacy","Univ of Florida","2033 Mowry Road","Gainesville","FL - FLORIDA","32610","USA","ftp://ftp.ncbi.nlm.nih.gov/geo/samples/GSM2420nnn/GSM2420023/suppl/GSM2420023_US45103088_253971410019_S01_GE1_105_Dec08_2_3.txt.gz","56220","PDAC"
