"miRNA","Dataset","Comparison","log2FC","CI_low","CI_high","SE","P","BH_all_genes","Adjusted_Cases","Adjusted_Controls","Missing_Age_Excluded","Diagnostic_Plasma_Mean_Difference","Fixed_Direction","Historical6","Published3","EV_Candidate20","BH_frozen_within_contrast","BH_frozen_all_comparisons","Same_Direction_As_Plasma"
"let-7i-5p","GSE59856","PC_vs_Healthy",-0.319281465068029,-0.482882429133748,-0.15568050100231,0.0830651092224045,0.000153939061227834,0.00141749600869385,99,150,1,1.3534034540693,1,FALSE,TRUE,FALSE,0.00153939061227834,0.00153939061227834,FALSE
"let-7i-5p","GSE59856","PC_vs_Other_cancer",0.0745851110046417,-0.0488803053591754,0.198050527368459,0.0627749974393032,0.23558949608596,0.479807863714268,99,248,53,1.3534034540693,1,FALSE,TRUE,FALSE,0.392649160143267,0.487426543626124,TRUE
"let-7i-5p","GSE85589","PC_vs_Benign",-0.115424084745305,-0.475167400631619,0.244319231141009,0.181297153090006,0.525821151682301,0.889204877012679,88,10,0,1.3534034540693,1,FALSE,TRUE,FALSE,0.906600267506014,0.835547578350684,FALSE
"let-7i-5p","GSE85589","PC_vs_Other_cancer",-0.0081948464761542,-0.151966442223461,0.135576749271152,0.072944520312553,0.91065501065404,0.955022182931983,88,115,0,1.3534034540693,1,FALSE,TRUE,FALSE,0.91065501065404,0.951001287297936,FALSE
"let-7i-5p","GSE85589","PC_vs_Healthy",0.0534618485026468,-0.257995145367499,0.364918842372793,0.15709798199256,0.734296417107256,0.935235402601896,88,19,0,1.3534034540693,1,FALSE,TRUE,FALSE,0.894305123123679,0.922069030790328,TRUE
"let-7i-5p","GSE59856","PC_vs_Benign",0.151960009713185,-0.100279673655813,0.404199693082182,0.127373651447147,0.23525742832136,0.610046848612629,99,21,1,1.3534034540693,1,FALSE,TRUE,FALSE,0.522794285158577,0.487426543626124,TRUE
"miR-107","GSE59856","PC_vs_Other_cancer",0.992738073484984,0.71829478426054,1.26718136270943,0.139538481995087,6.42812047083684e-12,7.63254725379364e-10,99,248,53,1.23991954227889,1,TRUE,FALSE,TRUE,1.28562409416737e-10,3.8568722825021e-10,TRUE
"miR-107","GSE59856","PC_vs_Healthy",0.296942842490888,0.0421715372077515,0.551714147774024,0.129355021964157,0.0225337438946365,0.0941409744931481,99,150,1,1.23991954227889,1,TRUE,FALSE,TRUE,0.0751124796487884,0.0795308608045994,TRUE
"miR-107","GSE59856","PC_vs_Benign",1.4418539593609,0.872728067197394,2.0109798515244,0.287391904595495,1.87759846686333e-06,0.000103855829684465,99,21,1,1.23991954227889,1,TRUE,FALSE,TRUE,3.75519693372665e-05,2.81639770029499e-05,TRUE
"miR-107","GSE85589","PC_vs_Other_cancer",0.712319523235005,0.512641024683971,0.911998021786038,0.101268862003892,3.03928226101263e-11,2.20565055513488e-09,88,115,0,1.23991954227889,1,TRUE,FALSE,TRUE,8.2060621047341e-10,2.46181863142023e-09,TRUE
"miR-107","GSE85589","PC_vs_Healthy",0.154555712493362,-0.185097802974981,0.494209227961704,0.171826575347658,0.369908417975427,0.782859102210767,88,19,0,1.23991954227889,1,TRUE,FALSE,TRUE,0.624220455333533,0.651360475130643,TRUE
"miR-107","GSE85589","PC_vs_Benign",0.0641477803961827,-0.317040638382794,0.445336199175159,0.192883929328251,0.739931938288535,0.937979847536768,88,10,0,1.23991954227889,1,TRUE,FALSE,TRUE,0.981082263413437,0.922069030790328,TRUE
"miR-122-5p","GSE59856","PC_vs_Other_cancer",0.912575973023375,0.497960696972564,1.32719124907419,0.210807800750375,1.96042038376614e-05,0.000271331802808368,99,248,53,0.651062482771485,1,FALSE,FALSE,TRUE,0.000130694692251076,0.000235250446051936,TRUE
"miR-122-5p","GSE59856","PC_vs_Benign",0.851819190171164,-0.0143506855221432,1.71798906586447,0.437390415207516,0.0538545823047602,0.252643902604498,99,21,1,0.651062482771485,1,FALSE,FALSE,TRUE,0.153870235156458,0.153870235156458,TRUE
"miR-122-5p","GSE59856","PC_vs_Healthy",0.652747717112217,0.22929456895966,1.07620086526477,0.214999845524955,0.00265199620872417,0.016257889801309,99,150,1,0.651062482771485,1,FALSE,FALSE,TRUE,0.0176799747248278,0.0144654338657682,TRUE
"miR-122-5p","GSE85589","PC_vs_Other_cancer",-0.284406618171445,-0.901601280427477,0.332788044084587,0.312991362485795,0.364619101780813,0.624215418706337,88,115,0,0.651062482771485,1,FALSE,FALSE,TRUE,0.492235787404097,0.651360475130643,FALSE
"miR-122-5p","GSE85589","PC_vs_Healthy",-0.295773868967202,-1.37508762017439,0.783539882239984,0.544234656496453,0.587977925506037,0.886910867918139,88,19,0,0.651062482771485,1,FALSE,FALSE,TRUE,0.881966888259056,0.835547578350684,FALSE
"miR-122-5p","GSE85589","PC_vs_Benign",-0.866148712377328,-2.15195025584635,0.419652831091693,0.647619995794731,0.184296217840885,0.695560762727858,88,10,0,0.651062482771485,1,FALSE,FALSE,TRUE,0.829332980283984,0.514758401555576,FALSE
"miR-130a-3p","GSE85589","PC_vs_Benign",0.231619860035306,-0.0765694764363906,0.539809196507002,0.15542345136934,0.139167430704702,0.635976282964791,88,10,0,1.26489813961187,1,FALSE,TRUE,FALSE,0.829332980283984,0.453750929910496,TRUE
"miR-130a-3p","GSE85589","PC_vs_Healthy",0.377315295944272,0.118111620813929,0.636518971074615,0.130803292468889,0.0047113296122464,0.104946987791724,88,19,0,1.26489813961187,1,FALSE,TRUE,FALSE,0.127205899530653,0.0636029497653264,TRUE
"miR-130a-3p","GSE85589","PC_vs_Other_cancer",0.316112899963708,0.210387653372715,0.4218381465547,0.0536592410392261,1.34907328211307e-08,5.43912085169398e-07,88,115,0,1.26489813961187,1,FALSE,TRUE,FALSE,1.82124893085265e-07,5.46374679255795e-07,TRUE
"miR-134-3p","GSE85589","PC_vs_Healthy",-0.0649275655014967,-0.194354944352447,0.064499813349454,0.065545059732839,0.323360084758752,0.752137926087206,88,19,0,-2.21280022555323,-1,TRUE,FALSE,FALSE,0.623623020606164,0.609120159661835,TRUE
"miR-134-3p","GSE85589","PC_vs_Benign",0.00100723955043966,-0.147147068587335,0.149161547688214,0.0750184925283491,0.989304214465221,0.995873815426686,88,10,0,-2.21280022555323,-1,TRUE,FALSE,FALSE,0.989304214465221,0.997701210939543,FALSE
"miR-134-3p","GSE85589","PC_vs_Other_cancer",-0.00918538891759086,-0.0710186619635908,0.0526478841284091,0.0314030806934129,0.770135136500795,0.894032562482641,88,115,0,-2.21280022555323,-1,TRUE,FALSE,FALSE,0.859563529727321,0.934308184486218,TRUE
"miR-139-3p","GSE85589","PC_vs_Benign",0.221556738927271,-0.0907889965527618,0.533902474407305,0.158157440832436,0.16319213703262,0.671029442642282,88,10,0,-0.0372286629362222,-1,FALSE,FALSE,TRUE,0.829332980283984,0.48957641109786,FALSE
"miR-139-3p","GSE85589","PC_vs_Other_cancer",0.293473970032185,0.158063013945535,0.428884926118834,0.0687707600016225,2.76165268866383e-05,0.000512014440088038,88,115,0,-0.0372286629362222,-1,FALSE,FALSE,TRUE,0.000149129245187847,0.00044738773556354,FALSE
"miR-139-3p","GSE85589","PC_vs_Healthy",0.228137625435972,-0.0453570074340601,0.501632258306003,0.1385040955571,0.101453792283936,0.484292668776241,88,19,0,-0.0372286629362222,-1,FALSE,FALSE,TRUE,0.424022416143261,0.453750929910496,FALSE
"miR-141-3p","GSE85589","PC_vs_Benign",-0.056420182669132,-0.22690494339573,0.114064578057466,0.0863256013917068,0.514324500797422,0.883288865466837,88,10,0,-1.14935581372917,-1,FALSE,FALSE,TRUE,0.906600267506014,0.835547578350684,TRUE
"miR-141-3p","GSE59856","PC_vs_Other_cancer",-0.00777188863207112,-0.0436988870510912,0.028155109786949,0.0182667932460542,0.670759984405475,0.820466991950823,99,248,53,-1.14935581372917,-1,FALSE,FALSE,TRUE,0.797823986610804,0.822710338529567,TRUE
"miR-141-3p","GSE59856","PC_vs_Healthy",-0.0219372110502652,-0.0719690178941376,0.0280945957936072,0.025402646761978,0.388651082731719,0.630227676054865,99,150,1,-1.14935581372917,-1,FALSE,FALSE,TRUE,0.647751804552865,0.683885650790951,TRUE
"miR-141-3p","GSE85589","PC_vs_Healthy",0.0311017313477674,-0.116247355335641,0.178450818031176,0.0746210328447234,0.677376435102789,0.917122498016963,88,19,0,-1.14935581372917,-1,FALSE,FALSE,TRUE,0.894305123123679,0.897602753011147,FALSE
"miR-141-3p","GSE85589","PC_vs_Other_cancer",0.0355998360179629,-0.0298853169861813,0.101084989022107,0.033257750119095,0.285410043064001,0.537198025113059,88,115,0,-1.14935581372917,-1,FALSE,FALSE,TRUE,0.405582692775159,0.601129042567109,FALSE
"miR-141-3p","GSE59856","PC_vs_Benign",0.00591162412132296,-0.0453965119249562,0.0572197601676021,0.0259091057754032,0.819911477516271,0.927178091868024,99,21,1,-1.14935581372917,-1,FALSE,FALSE,TRUE,0.889718234227266,0.911012752795857,FALSE
"miR-143-3p","GSE59856","PC_vs_Other_cancer",-0.173971440145316,-0.295656630150387,-0.0522862501402446,0.0618698556724593,0.00520379443743256,0.0286679883836873,99,248,53,1.35357741940567,1,FALSE,FALSE,TRUE,0.0173459814581085,0.0260189721871628,FALSE
"miR-143-3p","GSE59856","PC_vs_Healthy",0.0278568889090515,-0.0671386860858769,0.12285246390398,0.0482320984944141,0.564084445666288,0.755237097580502,99,150,1,1.35357741940567,1,FALSE,FALSE,TRUE,0.767027291433777,0.822710338529567,TRUE
"miR-143-3p","GSE85589","PC_vs_Other_cancer",0.0473464350200266,-0.0259310928118576,0.120623962851911,0.0372152403740066,0.2044135508961,0.445674179636133,88,115,0,1.35357741940567,1,FALSE,FALSE,TRUE,0.36794439161298,0.534112826534971,TRUE
"miR-143-3p","GSE59856","PC_vs_Benign",-0.363159048200685,-0.571313768713616,-0.155004327687754,0.105112036550198,0.000765904768373501,0.0117739717940699,99,21,1,1.35357741940567,1,FALSE,FALSE,TRUE,0.00765904768373501,0.00510603178915667,FALSE
"miR-143-3p","GSE85589","PC_vs_Benign",0.0478517628121202,-0.122198721125761,0.217902246750002,0.086105703702338,0.579169909263488,0.905258776433703,88,10,0,1.35357741940567,1,FALSE,FALSE,TRUE,0.906600267506014,0.835547578350684,TRUE
"miR-143-3p","GSE85589","PC_vs_Healthy",-0.0449637847789972,-0.191227913614166,0.101300344056172,0.0740715847480241,0.54467507274784,0.873697886686361,88,19,0,1.35357741940567,1,FALSE,FALSE,TRUE,0.865072174364216,0.835547578350684,FALSE
"miR-184","GSE59856","PC_vs_Other_cancer",0.174890221743419,0.0774420635693042,0.272338379917533,0.0495467318703961,0.000471658257728436,0.00377326606182749,99,248,53,-3.26928029923618,-1,TRUE,FALSE,TRUE,0.00188663303091375,0.00353743693296327,FALSE
"miR-184","GSE85589","PC_vs_Benign",-0.0756339650131643,-0.21361472747054,0.0623467974442113,0.0698670793146199,0.280641297357776,0.764018108562435,88,10,0,-3.26928029923618,-1,TRUE,FALSE,TRUE,0.865850915427104,0.601129042567109,TRUE
"miR-184","GSE59856","PC_vs_Healthy",-0.162297642405982,-0.288508832133545,-0.0360864526784188,0.0640812009860669,0.0119352533722354,0.0580479875160925,99,150,1,-3.26928029923618,-1,TRUE,FALSE,TRUE,0.0596762668611771,0.0549751835257496,TRUE
"miR-184","GSE85589","PC_vs_Other_cancer",-0.0564436788858816,-0.121064180229127,0.00817682245736422,0.0328186220487001,0.0866322056239868,0.271357552608721,88,115,0,-3.26928029923618,-1,TRUE,FALSE,TRUE,0.233906955184764,0.41277697973782,TRUE
"miR-184","GSE59856","PC_vs_Benign",0.274722536025168,0.0594393620083107,0.490005710042026,0.108711696761625,0.0128275428226749,0.0936535165305974,99,21,1,-3.26928029923618,-1,TRUE,FALSE,TRUE,0.0641377141133746,0.0549751835257496,FALSE
"miR-184","GSE85589","PC_vs_Healthy",-0.138715299188055,-0.262760727829402,-0.0146698705467083,0.062819513939519,0.0286299869372715,0.281861111708022,88,19,0,-3.26928029923618,-1,TRUE,FALSE,TRUE,0.257669882435444,0.210820812901727,TRUE
"miR-185-5p","GSE59856","PC_vs_Other_cancer",0.311418427491433,0.138612393329288,0.484224461653577,0.0878618375210359,0.000447142647022366,0.00364171051148902,99,248,53,1.38713523316964,1,FALSE,FALSE,TRUE,0.00188663303091375,0.00353743693296327,TRUE
"miR-185-5p","GSE59856","PC_vs_Healthy",0.117727833087983,-0.0883526072739493,0.323808273449916,0.104633211576851,0.261611345426364,0.511434311336115,99,150,1,1.38713523316964,1,FALSE,FALSE,TRUE,0.513166746321636,0.523222690852727,TRUE
"miR-185-5p","GSE59856","PC_vs_Benign",0.450181515708562,0.0413795008855448,0.858983530531578,0.206433042776957,0.0311890824550495,0.175031268702964,99,21,1,1.38713523316964,1,FALSE,FALSE,TRUE,0.103963608183498,0.103963608183498,TRUE
"miR-185-5p","GSE85589","PC_vs_Other_cancer",0.458420212448648,0.115865378247956,0.80097504664934,0.173716203950039,0.00897404116801854,0.058899391645393,88,115,0,1.38713523316964,1,FALSE,FALSE,TRUE,0.0403831852560834,0.103842476372786,TRUE
"miR-185-5p","GSE85589","PC_vs_Benign",-0.117868347513674,-0.525391128506062,0.289654433478713,0.206223674896235,0.568489789475446,0.904514037545737,88,10,0,1.38713523316964,1,FALSE,FALSE,TRUE,0.906600267506014,0.835547578350684,FALSE
"miR-185-5p","GSE85589","PC_vs_Healthy",-0.227178204034319,-0.571845555413434,0.117489147344797,0.174547629216224,0.194916066331179,0.633103335653703,88,19,0,1.38713523316964,1,FALSE,FALSE,TRUE,0.526273379094184,0.526273379094184,FALSE
"miR-199b-5p","GSE85589","PC_vs_Other_cancer",0.0400072412547618,-0.0281710688464193,0.108185551355943,0.0346255158133898,0.248963755992193,0.499500742669961,88,115,0,-0.811929963132784,-1,FALSE,FALSE,TRUE,0.37344563398829,0.568101744598058,FALSE
"miR-199b-5p","GSE59856","PC_vs_Other_cancer",-0.0159526555710749,-0.0897230959323927,0.057817784790243,0.0375079867801357,0.670870551386905,0.820466991950823,99,248,53,-0.811929963132784,-1,FALSE,FALSE,TRUE,0.797823986610804,0.822710338529567,TRUE
"miR-199b-5p","GSE85589","PC_vs_Healthy",-0.0099926661420766,-0.145025844610994,0.125040512326841,0.0683839681158411,0.884002682160155,0.967838454807896,88,19,0,-0.811929963132784,-1,FALSE,FALSE,TRUE,0.941072577864008,0.951001287297936,TRUE
"miR-199b-5p","GSE85589","PC_vs_Benign",0.0160541119333713,-0.133881190868953,0.165989414735696,0.0759203058918275,0.83279744677905,0.952731060867147,88,10,0,-0.811929963132784,-1,FALSE,FALSE,TRUE,0.981082263413437,0.946972328586846,FALSE
"miR-199b-5p","GSE59856","PC_vs_Healthy",0.0458692588686305,0.000808568474288368,0.0909299492629726,0.0228786620581247,0.0460586351598357,0.161348262299052,99,150,1,-0.811929963132784,-1,FALSE,FALSE,TRUE,0.131596100456673,0.145448321557376,FALSE
"miR-199b-5p","GSE59856","PC_vs_Benign",0.0112887189003194,-0.102980681170767,0.125558118971406,0.0577026998342564,0.845232322515902,0.939332078618658,99,21,1,-0.811929963132784,-1,FALSE,FALSE,TRUE,0.889718234227266,0.914517289890749,FALSE
"miR-204-5p","GSE59856","PC_vs_Other_cancer",-0.0407581111665671,-0.0949063593889674,0.0133901370558332,0.0275312410844475,0.139661436161596,0.360912027469143,99,248,53,-1.87296591881954,-1,FALSE,FALSE,TRUE,0.309840305566357,0.349153590403991,TRUE
"miR-204-5p","GSE85589","PC_vs_Other_cancer",-0.0566148786468146,-0.129820539191321,0.0165907818976913,0.0371787413482624,0.129015577922674,0.340998509806026,88,115,0,-1.87296591881954,-1,FALSE,FALSE,TRUE,0.275330063597207,0.453750929910496,TRUE
"miR-204-5p","GSE85589","PC_vs_Healthy",0.0282362692498423,-0.115271539614505,0.171744078114189,0.0726757196788688,0.698135474564226,0.920664622408547,88,19,0,-1.87296591881954,-1,FALSE,FALSE,TRUE,0.894305123123679,0.897602753011147,FALSE
"miR-204-5p","GSE59856","PC_vs_Healthy",0.00500549925884029,-0.0204881019305567,0.0304991004482373,0.0129439136390426,0.699303787750132,0.84185130478351,99,150,1,-1.87296591881954,-1,FALSE,FALSE,TRUE,0.822710338529567,0.822710338529567,FALSE
"miR-204-5p","GSE85589","PC_vs_Benign",0.0129321899201866,-0.14542084071844,0.171285220558813,0.0801826541200415,0.872073123034166,0.962797216421673,88,10,0,-1.87296591881954,-1,FALSE,FALSE,TRUE,0.981082263413437,0.951001287297936,FALSE
"miR-204-5p","GSE59856","PC_vs_Benign",-0.079183889760758,-0.144169241030628,-0.0141985384908883,0.0328156988276499,0.0173643340701338,0.117639452439104,99,21,1,-1.87296591881954,-1,FALSE,FALSE,TRUE,0.0694573362805351,0.0694573362805351,TRUE
"miR-20a-5p","GSE85589","PC_vs_Other_cancer",0.391943956927181,0.241013650419982,0.542874263434379,0.0765897599988833,6.665105124014e-07,2.01540083511852e-05,88,115,0,1.26893903141615,1,TRUE,FALSE,FALSE,5.9985946116126e-06,1.79957838348378e-05,TRUE
"miR-20a-5p","GSE85589","PC_vs_Benign",-0.422747826175873,-0.749069162032535,-0.0964264903192107,0.165234038776914,0.0114410806967026,0.223399240257289,88,10,0,1.26893903141615,1,TRUE,FALSE,FALSE,0.308909178810971,0.115840942054114,FALSE
"miR-20a-5p","GSE85589","PC_vs_Healthy",-0.0362232508471755,-0.310980539630624,0.238534037936273,0.13914353412104,0.794937887221048,0.952681973815488,88,19,0,1.26893903141615,1,TRUE,FALSE,FALSE,0.894305123123679,0.934308184486218,FALSE
"miR-210-3p","GSE85589","PC_vs_Healthy",0.153367620556538,-0.068469319278353,0.375204560391428,0.112062285623576,0.173639783808937,0.609998664181778,88,19,0,-0.494766861161079,-1,FALSE,FALSE,TRUE,0.520919351426811,0.502315088875854,FALSE
"miR-210-3p","GSE85589","PC_vs_Other_cancer",-0.0144369582252806,-0.124275129927152,0.0954012134765908,0.0557488208922648,0.795892157154926,0.904367344157968,88,115,0,-0.494766861161079,-1,FALSE,FALSE,TRUE,0.859563529727321,0.934308184486218,TRUE
"miR-210-3p","GSE85589","PC_vs_Benign",-0.0275031014099549,-0.299900812793918,0.244894609974008,0.137424499866537,0.841753180966086,0.953636520809035,88,10,0,-0.494766861161079,-1,FALSE,FALSE,TRUE,0.981082263413437,0.946972328586846,TRUE
"miR-2110","GSE85589","PC_vs_Other_cancer",-0.0613099239036572,-0.160505837825115,0.037885990017801,0.0503783341214203,0.224698309951097,0.470902398742398,88,115,0,-0.873096266387217,-1,FALSE,FALSE,TRUE,0.37344563398829,0.55153221533451,TRUE
"miR-2110","GSE85589","PC_vs_Benign",-0.0509415051470402,-0.268640455116852,0.166757444822771,0.110232684131956,0.644618077412704,0.916066574861934,88,10,0,-0.873096266387217,-1,FALSE,FALSE,TRUE,0.916036215270684,0.87023440450715,TRUE
"miR-2110","GSE85589","PC_vs_Healthy",-0.194228556835132,-0.388853540314776,0.000396426644511033,0.0985626556060192,0.050462979494862,0.365885832636593,88,19,0,-0.873096266387217,-1,FALSE,FALSE,TRUE,0.340625111590318,0.340625111590318,TRUE
"miR-215-3p","GSE85589","PC_vs_Other_cancer",0.0394204489498991,-0.0268726898628841,0.105713587762682,0.0336680994714404,0.242716337751713,0.491468678056578,88,115,0,-2.63391783490798,-1,TRUE,FALSE,FALSE,0.37344563398829,0.568101744598058,FALSE
"miR-215-3p","GSE59856","PC_vs_Healthy",-0.00012423020585361,-0.0039239731696225,0.00367551275791528,0.00192925197703211,0.948709044766093,0.974099853393924,99,150,1,-2.63391783490798,-1,TRUE,FALSE,FALSE,0.956867085993188,0.979207483481925,TRUE
"miR-215-3p","GSE85589","PC_vs_Healthy",0.122719243446996,-0.0118006690139891,0.257239155907981,0.0681240381732938,0.073487683739856,0.438166001641395,88,19,0,-2.63391783490798,-1,TRUE,FALSE,FALSE,0.396833492195223,0.396833492195223,FALSE
"miR-215-3p","GSE85589","PC_vs_Benign",0.0465255885169953,-0.107944726975033,0.200995904009023,0.0782166266661253,0.552797575798877,0.900067847775095,88,10,0,-2.63391783490798,-1,TRUE,FALSE,FALSE,0.906600267506014,0.835547578350684,FALSE
"miR-215-3p","GSE59856","PC_vs_Other_cancer",-0.00213539214363336,-0.0103037335923256,0.00603294930505886,0.00415314134990304,0.607463433762801,0.782659912375145,99,248,53,-2.63391783490798,-1,TRUE,FALSE,FALSE,0.797823986610804,0.822710338529567,TRUE
"miR-215-3p","GSE59856","PC_vs_Benign",-2.33446773468766e-16,-0.0055142952033331,0.00551429520333264,0.00278461312085046,0.999999999999933,0.999999999999933,99,21,1,-2.63391783490798,-1,TRUE,FALSE,FALSE,0.999999999999933,0.999999999999933,TRUE
"miR-216b-5p","GSE85589","PC_vs_Other_cancer",0.0309319394322878,-0.0453788973602527,0.107242776224828,0.0387557579847868,0.425517576519409,0.672319730185368,88,115,0,-2.80414956992253,-1,TRUE,FALSE,FALSE,0.547094026953526,0.733338802086641,FALSE
"miR-216b-5p","GSE85589","PC_vs_Benign",0.0554519122569044,-0.132439500596666,0.243343325110475,0.0951395253264503,0.560816083777564,0.901605550442931,88,10,0,-2.80414956992253,-1,TRUE,FALSE,FALSE,0.906600267506014,0.835547578350684,FALSE
"miR-216b-5p","GSE59856","PC_vs_Other_cancer",0.00702830084257831,-0.0520387888400107,0.0660953905251673,0.0300321864435738,0.815102481445627,0.904956298297901,99,248,53,-2.80414956992253,-1,TRUE,FALSE,FALSE,0.858002612048028,0.911012752795857,FALSE
"miR-216b-5p","GSE85589","PC_vs_Healthy",0.126651054245766,-0.0289478236594432,0.282249932150974,0.0787989205777284,0.109931737518623,0.495037018583781,88,19,0,-2.80414956992253,-1,TRUE,FALSE,FALSE,0.424022416143261,0.453750929910496,FALSE
"miR-216b-5p","GSE59856","PC_vs_Benign",-0.037364075652499,-0.165131068091074,0.0904029167860759,0.0645185886057197,0.563613544093997,0.830668282234468,99,21,1,-2.80414956992253,-1,TRUE,FALSE,FALSE,0.805162205848567,0.822710338529567,TRUE
"miR-216b-5p","GSE59856","PC_vs_Healthy",0.00207797165634114,-0.0735162239660117,0.077672167278694,0.0383814371254448,0.956867085993188,0.978474803932364,99,150,1,-2.80414956992253,-1,TRUE,FALSE,FALSE,0.956867085993188,0.979207483481925,FALSE
"miR-221-3p","GSE85589","PC_vs_Other_cancer",0.123717729432829,-0.037815916096222,0.285251374961881,0.0819257858226369,0.132566326917173,0.347490681495997,88,115,0,1.75002982324987,1,FALSE,TRUE,FALSE,0.275330063597207,0.453750929910496,TRUE
"miR-221-3p","GSE59856","PC_vs_Benign",0.0862591925139388,-0.298797237282729,0.471315622310606,0.194442217898977,0.65812858332947,0.865314058973421,99,21,1,1.75002982324987,1,FALSE,TRUE,FALSE,0.821027535359045,0.822710338529567,TRUE
"miR-221-3p","GSE59856","PC_vs_Other_cancer",0.0377283552323719,-0.167611879172635,0.243068589637379,0.104403589835849,0.718041587949723,0.846786106855502,99,248,53,1.75002982324987,1,FALSE,TRUE,FALSE,0.797823986610804,0.828509524557373,TRUE
"miR-221-3p","GSE59856","PC_vs_Healthy",-0.574209564164469,-0.76919244518221,-0.379226683146728,0.0989986483315078,2.0048754626206e-08,3.2775355388928e-07,99,150,1,1.75002982324987,1,FALSE,TRUE,FALSE,4.0097509252412e-07,6.0146263878618e-07,FALSE
"miR-221-3p","GSE85589","PC_vs_Healthy",0.165099120314842,-0.184277520197434,0.514475760827118,0.1761839773172,0.350885106896606,0.772981935401024,88,19,0,1.75002982324987,1,FALSE,TRUE,FALSE,0.624220455333533,0.645947583150571,TRUE
"miR-221-3p","GSE85589","PC_vs_Benign",0.358509610983525,-0.0480891947772245,0.765108416744275,0.204812325481831,0.0832694586314531,0.537890454036657,88,10,0,1.75002982324987,1,FALSE,TRUE,FALSE,0.829332980283984,0.41277697973782,TRUE
"miR-2355-5p","GSE85589","PC_vs_Benign",-0.0942720985083646,-0.269434041799637,0.0808898447829073,0.0886939104182351,0.289432501976756,0.769799534053362,88,10,0,-0.578753597553857,-1,FALSE,FALSE,TRUE,0.865850915427104,0.601129042567109,TRUE
"miR-2355-5p","GSE59856","PC_vs_Benign",-0.100818995546896,-0.397674215458969,0.196036224365177,0.149903190514368,0.502544306316561,0.817853491926997,99,21,1,-0.578753597553857,-1,FALSE,FALSE,TRUE,0.773145086640863,0.773145086640863,TRUE
"miR-2355-5p","GSE59856","PC_vs_Other_cancer",-0.103041911396857,-0.2505701251933,0.0444863023995862,0.075009533163578,0.170412168061496,0.399090737924102,99,248,53,-0.578753597553857,-1,FALSE,FALSE,TRUE,0.309840305566357,0.393258849372684,TRUE
"miR-2355-5p","GSE59856","PC_vs_Healthy",-0.0141083519735657,-0.164484957307792,0.136268253360661,0.0763507062315614,0.853549470564699,0.925772887304789,99,150,1,-0.578753597553857,-1,FALSE,FALSE,TRUE,0.948388300627443,0.914517289890749,TRUE
"miR-2355-5p","GSE85589","PC_vs_Other_cancer",-0.0143562999066505,-0.0861657754628169,0.0574531756495159,0.0364696650258891,0.694157880516044,0.856735187808917,88,115,0,-0.578753597553857,-1,FALSE,FALSE,TRUE,0.814880990171008,0.897602753011147,TRUE
"miR-2355-5p","GSE85589","PC_vs_Healthy",0.0357113004032936,-0.114087364670058,0.185509965476645,0.0758615567842064,0.638453892618184,0.908396761026167,88,19,0,-0.578753597553857,-1,FALSE,FALSE,TRUE,0.894305123123679,0.87023440450715,FALSE
"miR-23c","GSE85589","PC_vs_Other_cancer",0.0557614094697323,-0.0164803282306824,0.128003147170147,0.0366891967169649,0.129753756258362,0.341504182812954,88,115,0,-0.780327921078361,-1,FALSE,FALSE,TRUE,0.275330063597207,0.453750929910496,FALSE
"miR-23c","GSE85589","PC_vs_Benign",-0.0096858812454904,-0.190282522917117,0.170910760426136,0.0914457904341797,0.915779017398012,0.976958335306226,88,10,0,-0.780327921078361,-1,FALSE,FALSE,TRUE,0.989041338789853,0.951001287297936,TRUE
"miR-23c","GSE85589","PC_vs_Healthy",0.172601862531809,0.0187139617214551,0.326489763342164,0.0779324416543399,0.0281638850122501,0.281140671393341,88,19,0,-0.780327921078361,-1,FALSE,FALSE,TRUE,0.257669882435444,0.210820812901727,FALSE
"miR-378a-3p","GSE59856","PC_vs_Benign",0.0925358122989849,-0.123834680206744,0.308906304804714,0.109260760748559,0.398754003485998,0.774337955427666,99,21,1,-0.173104435172959,-1,FALSE,FALSE,TRUE,0.689189156155591,0.683885650790951,FALSE
"miR-378a-3p","GSE59856","PC_vs_Healthy",0.0336556680578416,-0.0974625384881328,0.164773874603816,0.0665726403874496,0.613621833147022,0.792878450252384,99,150,1,-0.173104435172959,-1,FALSE,FALSE,TRUE,0.767027291433777,0.822710338529567,FALSE
"miR-378a-3p","GSE85589","PC_vs_Other_cancer",0.322165206753346,0.177289135942914,0.467041277563779,0.0735538562298553,1.75767697715482e-05,0.000354325358886764,88,115,0,-0.173104435172959,-1,FALSE,FALSE,TRUE,0.00011864319595795,0.00035592958787385,FALSE
"miR-378a-3p","GSE85589","PC_vs_Benign",0.26395291891275,-0.0682594578398906,0.59616529566539,0.168113441445183,0.118529817881309,0.611748768574513,88,10,0,-0.173104435172959,-1,FALSE,FALSE,TRUE,0.829332980283984,0.453750929910496,FALSE
"miR-378a-3p","GSE59856","PC_vs_Other_cancer",0.00309310192417046,-0.127554730134161,0.133740933982502,0.0664268389031716,0.962887358757226,0.978942713544977,99,248,53,-0.173104435172959,-1,FALSE,FALSE,TRUE,0.962887358757226,0.979207483481925,FALSE
"miR-378a-3p","GSE85589","PC_vs_Healthy",0.0485596066916284,-0.285727105475005,0.382846318858262,0.168758723796249,0.774060455631505,0.94913692150246,88,19,0,-0.173104435172959,-1,FALSE,FALSE,TRUE,0.894305123123679,0.934308184486218,FALSE
"miR-379-5p","GSE59856","PC_vs_Benign",0.0669655996669427,-0.0946326798947062,0.228563879228592,0.0816023976101851,0.413513493693355,0.778733440306556,99,21,1,-0.577116483268463,-1,FALSE,FALSE,TRUE,0.689189156155591,0.683885650790951,FALSE
"miR-379-5p","GSE85589","PC_vs_Healthy",-0.0739364007966777,-0.201068115422005,0.0531953138286491,0.0643824815354674,0.252489664265804,0.695314954451756,88,19,0,-0.577116483268463,-1,FALSE,FALSE,TRUE,0.568101744598058,0.568101744598058,TRUE
"miR-379-5p","GSE59856","PC_vs_Other_cancer",0.0469161978182199,-0.0183657207843981,0.112198116420838,0.0331920661980056,0.158408119271282,0.385147535666051,99,248,53,-0.577116483268463,-1,FALSE,FALSE,TRUE,0.309840305566357,0.380179486251077,FALSE
"miR-379-5p","GSE85589","PC_vs_Other_cancer",-0.00476581661687084,-0.0649496315700871,0.0554179983363454,0.0305653753118855,0.876213985688838,0.941846603321899,88,115,0,-0.577116483268463,-1,FALSE,FALSE,TRUE,0.909914523599947,0.951001287297936,TRUE
"miR-379-5p","GSE59856","PC_vs_Healthy",0.0200059705969302,-0.0538461215122207,0.093858062706081,0.0374969189966719,0.594138954623623,0.777932374713229,99,150,1,-0.577116483268463,-1,FALSE,FALSE,TRUE,0.767027291433777,0.822710338529567,FALSE
"miR-379-5p","GSE85589","PC_vs_Benign",-0.0785688765807589,-0.234335807434909,0.0771980542733912,0.0788731727435101,0.320685524232261,0.793286904766968,88,10,0,-0.577116483268463,-1,FALSE,FALSE,TRUE,0.865850915427104,0.609120159661835,TRUE
"miR-4306","GSE59856","PC_vs_Other_cancer",0.0829868409285637,-0.159566990275383,0.325540672132511,0.123324543675076,0.501447710356886,0.716396122581717,99,248,53,0.306820550915448,1,FALSE,FALSE,TRUE,0.771458015933671,0.773145086640863,TRUE
"miR-4306","GSE85589","PC_vs_Benign",0.0901077127642517,-0.144706679012577,0.32492210454108,0.118575502910161,0.448820554427124,0.862390619342601,88,10,0,0.306820550915448,1,FALSE,FALSE,TRUE,0.906600267506014,0.757384685595772,TRUE
"miR-4306","GSE85589","PC_vs_Healthy",0.100177569847438,-0.0985862315223672,0.298941371217243,0.100453875270122,0.320523622910164,0.74965930220241,88,19,0,0.306820550915448,1,FALSE,FALSE,TRUE,0.623623020606164,0.609120159661835,TRUE
"miR-4306","GSE85589","PC_vs_Other_cancer",0.0865009503667466,-0.00671752816255834,0.179719428896051,0.0473130592626936,0.0687942380054427,0.237810647388086,88,115,0,0.306820550915448,1,FALSE,FALSE,TRUE,0.206382714016328,0.396833492195223,TRUE
"miR-4306","GSE59856","PC_vs_Healthy",0.241545016286111,0.0402569584896078,0.442833074082615,0.102199975418945,0.0188754466317232,0.0823655853020649,99,150,1,0.306820550915448,1,FALSE,FALSE,TRUE,0.0751124796487884,0.070782924868962,TRUE
"miR-4306","GSE59856","PC_vs_Benign",0.0899844139705445,-0.367938454730693,0.547907282671782,0.231237635127789,0.697873405055189,0.875640935375142,99,21,1,0.306820550915448,1,FALSE,FALSE,TRUE,0.821027535359045,0.822710338529567,TRUE
"miR-539-3p","GSE85589","PC_vs_Healthy",0.0973635207320067,-0.0585617584181701,0.253288799882183,0.0789642178223163,0.219348908975424,0.660125863504238,88,19,0,-2.57911715398457,-1,FALSE,FALSE,TRUE,0.538401867485131,0.55153221533451,FALSE
"miR-539-3p","GSE59856","PC_vs_Other_cancer",-0.00434985626245523,-0.026050312033959,0.0173505995090485,0.0110334589637904,0.69364300450793,0.833701980910969,99,248,53,-2.57911715398457,-1,FALSE,FALSE,TRUE,0.797823986610804,0.822710338529567,TRUE
"miR-539-3p","GSE85589","PC_vs_Other_cancer",0.0855295651147519,0.0097357388300576,0.161323391399446,0.0384931853940531,0.0271379925279918,0.132304224608636,88,115,0,-2.57911715398457,-1,FALSE,FALSE,TRUE,0.10467511403654,0.210820812901727,FALSE
"miR-539-3p","GSE85589","PC_vs_Benign",0.0193298293400581,-0.15701281275183,0.195672471431946,0.089291761707648,0.828889865464956,0.952660750353388,88,10,0,-2.57911715398457,-1,FALSE,FALSE,TRUE,0.981082263413437,0.946972328586846,FALSE
"miR-539-3p","GSE59856","PC_vs_Benign",0.0150071500358424,-0.021042558968081,0.0510568590397658,0.0182041222181138,0.411388457276219,0.778733440306556,99,21,1,-2.57911715398457,-1,FALSE,FALSE,TRUE,0.689189156155591,0.683885650790951,FALSE
"miR-539-3p","GSE59856","PC_vs_Healthy",-0.0209822346706499,-0.0723339397611688,0.0303694704198689,0.0260727986320862,0.42172948465442,0.651212674456106,99,150,1,-2.57911715398457,-1,FALSE,FALSE,TRUE,0.64881459177603,0.683885650790951,TRUE
"miR-6126","GSE85589","PC_vs_Benign",-0.129003405293237,-0.621711792596353,0.363704982009879,0.248165947141772,0.604400178337343,0.911373520556645,88,10,0,-0.484451866180619,-1,FALSE,FALSE,TRUE,0.906600267506014,0.844076111126289,TRUE
"miR-6126","GSE85589","PC_vs_Healthy",-0.0254285534491858,-0.452421352773,0.401564245874629,0.215316718033846,0.906218037943119,0.973274340962166,88,19,0,-0.484451866180619,-1,FALSE,FALSE,TRUE,0.941072577864008,0.951001287297936,TRUE
"miR-6126","GSE59856","PC_vs_Other_cancer",-0.240882384390194,-0.33647562938911,-0.145289139391277,0.0486036161927225,1.12470807026669e-06,2.16866786882193e-05,99,248,53,-0.484451866180619,-1,FALSE,FALSE,TRUE,1.12470807026669e-05,2.24941614053339e-05,TRUE
"miR-6126","GSE59856","PC_vs_Benign",-0.276209032340361,-0.445596283820723,-0.106821780859999,0.0855356002730447,0.00160899760494452,0.0198355114576767,99,21,1,-0.484451866180619,-1,FALSE,FALSE,TRUE,0.0107266506996302,0.00965398562966714,TRUE
"miR-6126","GSE85589","PC_vs_Other_cancer",0.227115909361274,-0.0909527363807304,0.545184555103279,0.161305120128718,0.16067999832603,0.388322736201824,88,115,0,-0.484451866180619,-1,FALSE,FALSE,TRUE,0.309882853914487,0.48957641109786,FALSE
"miR-6126","GSE59856","PC_vs_Healthy",0.0498333183624774,-0.0412451876616039,0.140911824386559,0.0462432852636778,0.2822417104769,0.530172605192244,99,150,1,-0.484451866180619,-1,FALSE,FALSE,TRUE,0.513166746321636,0.529203207144187,FALSE
"miR-629-5p","GSE85589","PC_vs_Healthy",0.000197103102498565,-0.134684760319849,0.135078966524846,0.0683073386279076,0.997701210939543,0.99880826935271,88,19,0,0.449275790315409,1,FALSE,FALSE,TRUE,0.997701210939543,0.997701210939543,TRUE
"miR-629-5p","GSE59856","PC_vs_Healthy",-0.0183966603436181,-0.0517463147383273,0.0149529940510912,0.0169326183414981,0.278326453980617,0.526953725982645,99,150,1,0.449275790315409,1,FALSE,FALSE,TRUE,0.513166746321636,0.529203207144187,FALSE
"miR-629-5p","GSE59856","PC_vs_Benign",-0.0732120436260781,-0.162869180948127,0.0164450936959707,0.0452742280932124,0.108536590043034,0.395571158541334,99,21,1,0.449275790315409,1,FALSE,FALSE,TRUE,0.271341475107586,0.296008881935548,FALSE
"miR-629-5p","GSE85589","PC_vs_Other_cancer",-0.0692440067738333,-0.140055473241731,0.00156745969406472,0.0359628091150216,0.0552526483290686,0.204878433220196,88,115,0,0.449275790315409,1,FALSE,FALSE,TRUE,0.186477688110607,0.344266501127274,FALSE
"miR-629-5p","GSE59856","PC_vs_Other_cancer",-0.0633766287535781,-0.127729922498866,0.000976664991709411,0.0327199143618249,0.0535599947391121,0.186671289737998,99,248,53,0.449275790315409,1,FALSE,FALSE,TRUE,0.153028556397463,0.153870235156458,FALSE
"miR-629-5p","GSE85589","PC_vs_Benign",-0.0819019307166924,-0.240067998123057,0.0762641366896721,0.0800879845824573,0.308017585351392,0.783212432609283,88,10,0,0.449275790315409,1,FALSE,FALSE,TRUE,0.865850915427104,0.609120159661835,FALSE
"miR-656-3p","GSE59856","PC_vs_Other_cancer",0.0617942361457172,-0.0176167348969499,0.141205207188384,0.0403758692164175,0.126806311685305,0.340190353286463,99,248,53,-2.75277176865623,-1,FALSE,FALSE,TRUE,0.309840305566357,0.330799073961666,FALSE
"miR-656-3p","GSE59856","PC_vs_Healthy",0.0685561035085695,-0.031347771160871,0.16845997817801,0.0507241892402599,0.177748763144901,0.406562007959935,99,150,1,-2.75277176865623,-1,FALSE,FALSE,TRUE,0.444371907862252,0.394997251433113,FALSE
"miR-656-3p","GSE85589","PC_vs_Other_cancer",-0.0222475673029231,-0.092304602844089,0.0478094682382427,0.0355796585214544,0.532323266716121,0.751996513969391,88,115,0,-2.75277176865623,-1,FALSE,FALSE,TRUE,0.653305827333421,0.835547578350684,TRUE
"miR-656-3p","GSE59856","PC_vs_Benign",0.0538412732457148,-0.189094607734124,0.296777154225554,0.122675503769424,0.661544100326944,0.865314058973421,99,21,1,-2.75277176865623,-1,FALSE,FALSE,TRUE,0.821027535359045,0.822710338529567,FALSE
"miR-656-3p","GSE85589","PC_vs_Healthy",-0.109169389430454,-0.254544603389322,0.0362058245284144,0.0736214174095382,0.140046583305709,0.559916980203908,88,19,0,-2.75277176865623,-1,FALSE,FALSE,TRUE,0.472657218656767,0.453750929910496,TRUE
"miR-656-3p","GSE85589","PC_vs_Benign",0.00181096693130845,-0.17029555437935,0.173917488241967,0.0871467859781519,0.983446529009496,0.994793157700083,88,10,0,-2.75277176865623,-1,FALSE,FALSE,TRUE,0.989304214465221,0.997701210939543,FALSE
