"Dataset","miRNA","Measurable_Complete"
"GSE59856","let-7i-5p",TRUE
"GSE59856","miR-107",TRUE
"GSE59856","miR-122-5p",TRUE
"GSE59856","miR-130a-3p",FALSE
"GSE59856","miR-134-3p",FALSE
"GSE59856","miR-139-3p",FALSE
"GSE59856","miR-141-3p",TRUE
"GSE59856","miR-143-3p",TRUE
"GSE59856","miR-184",TRUE
"GSE59856","miR-185-5p",TRUE
"GSE59856","miR-199b-5p",TRUE
"GSE59856","miR-204-5p",TRUE
"GSE59856","miR-20a-5p",FALSE
"GSE59856","miR-210-3p",FALSE
"GSE59856","miR-2110",FALSE
"GSE59856","miR-215-3p",TRUE
"GSE59856","miR-216b-5p",TRUE
"GSE59856","miR-221-3p",TRUE
"GSE59856","miR-2355-5p",TRUE
"GSE59856","miR-23c",FALSE
"GSE59856","miR-378a-3p",TRUE
"GSE59856","miR-379-5p",TRUE
"GSE59856","miR-4306",TRUE
"GSE59856","miR-539-3p",TRUE
"GSE59856","miR-6126",TRUE
"GSE59856","miR-629-5p",TRUE
"GSE59856","miR-656-3p",TRUE
"GSE85589","let-7i-5p",TRUE
"GSE85589","miR-107",TRUE
"GSE85589","miR-122-5p",TRUE
"GSE85589","miR-130a-3p",TRUE
"GSE85589","miR-134-3p",TRUE
"GSE85589","miR-139-3p",TRUE
"GSE85589","miR-141-3p",TRUE
"GSE85589","miR-143-3p",TRUE
"GSE85589","miR-184",TRUE
"GSE85589","miR-185-5p",TRUE
"GSE85589","miR-199b-5p",TRUE
"GSE85589","miR-204-5p",TRUE
"GSE85589","miR-20a-5p",TRUE
"GSE85589","miR-210-3p",TRUE
"GSE85589","miR-2110",TRUE
"GSE85589","miR-215-3p",TRUE
"GSE85589","miR-216b-5p",TRUE
"GSE85589","miR-221-3p",TRUE
"GSE85589","miR-2355-5p",TRUE
"GSE85589","miR-23c",TRUE
"GSE85589","miR-378a-3p",TRUE
"GSE85589","miR-379-5p",TRUE
"GSE85589","miR-4306",TRUE
"GSE85589","miR-539-3p",TRUE
"GSE85589","miR-6126",TRUE
"GSE85589","miR-629-5p",TRUE
"GSE85589","miR-656-3p",TRUE
