"Dataset","Comparison","Subgroup","miRNA","Cases","Controls","AUC","CI_low","CI_high"
"GSE59856","PC_vs_Healthy","All","let-7i-5p",100,150,0.3107,0.24498945743085,0.37641054256915
"GSE59856","PC_vs_Healthy","All","miR-107",100,150,0.615233333333333,0.5388118393772,0.691654827289467
"GSE59856","PC_vs_Healthy","All","miR-122-5p",100,150,0.599533333333333,0.525858369322465,0.673208297344202
"GSE59856","PC_vs_Healthy","All","miR-141-3p",100,150,0.504966666666667,0.490039451854686,0.519893881478648
"GSE59856","PC_vs_Healthy","All","miR-143-3p",100,150,0.5053,0.466059328967218,0.544540671032782
"GSE59856","PC_vs_Healthy","All","miR-184",100,150,0.614633333333333,0.542243650373496,0.68702301629317
"GSE59856","PC_vs_Healthy","All","miR-185-5p",100,150,0.504533333333333,0.428606001767613,0.580460664899054
"GSE59856","PC_vs_Healthy","All","miR-199b-5p",100,150,0.457566666666667,0.420235770288838,0.494897563044495
"GSE59856","PC_vs_Healthy","All","miR-204-5p",100,150,0.486833333333333,0.454598570325495,0.519068096341172
"GSE59856","PC_vs_Healthy","All","miR-215-3p",100,150,0.503333333333333,0.496800120051533,0.509866546615134
"GSE59856","PC_vs_Healthy","All","miR-216b-5p",100,150,0.4626,0.424939864493686,0.500260135506314
"GSE59856","PC_vs_Healthy","All","miR-221-3p",100,150,0.2653,0.199889762974269,0.330710237025731
"GSE59856","PC_vs_Healthy","All","miR-2355-5p",100,150,0.519966666666667,0.445142503009198,0.594790830324135
"GSE59856","PC_vs_Healthy","All","miR-378a-3p",100,150,0.4758,0.41371995761372,0.53788004238628
"GSE59856","PC_vs_Healthy","All","miR-379-5p",100,150,0.546,0.49894856075048,0.59305143924952
"GSE59856","PC_vs_Healthy","All","miR-4306",100,150,0.540066666666667,0.464759110481047,0.615374222852286
"GSE59856","PC_vs_Healthy","All","miR-539-3p",100,150,0.5117,0.49428455906544,0.52911544093456
"GSE59856","PC_vs_Healthy","All","miR-6126",100,150,0.485833333333333,0.413095303575523,0.558571363091144
"GSE59856","PC_vs_Healthy","All","miR-629-5p",100,150,0.503833333333333,0.47247315781362,0.535193508853047
"GSE59856","PC_vs_Healthy","All","miR-656-3p",100,150,0.462233333333333,0.428274229642634,0.496192437024032
"GSE59856","PC_vs_Benign","All","let-7i-5p",100,21,0.62,0.506874874470107,0.733125125529893
"GSE59856","PC_vs_Benign","All","miR-107",100,21,0.854761904761905,0.785693379666603,0.923830429857206
"GSE59856","PC_vs_Benign","All","miR-122-5p",100,21,0.601428571428571,0.47741558829764,0.725441554559503
"GSE59856","PC_vs_Benign","All","miR-141-3p",100,21,0.495,0.4852001800773,0.5047998199227
"GSE59856","PC_vs_Benign","All","miR-143-3p",100,21,0.247619047619048,0.135892394440712,0.359345700797384
"GSE59856","PC_vs_Benign","All","miR-184",100,21,0.308809523809524,0.209263789893208,0.40835525772584
"GSE59856","PC_vs_Benign","All","miR-185-5p",100,21,0.688809523809524,0.574696990038667,0.802922057580381
"GSE59856","PC_vs_Benign","All","miR-199b-5p",100,21,0.481666666666667,0.41010196073528,0.553231372598053
"GSE59856","PC_vs_Benign","All","miR-204-5p",100,21,0.535714285714286,0.450962685310202,0.62046588611837
"GSE59856","PC_vs_Benign","All","miR-215-3p",100,21,0.5,0.5,0.5
"GSE59856","PC_vs_Benign","All","miR-216b-5p",100,21,0.461904761904762,0.400456864237273,0.523352659572251
"GSE59856","PC_vs_Benign","All","miR-221-3p",100,21,0.494761904761905,0.342276110716229,0.64724769880758
"GSE59856","PC_vs_Benign","All","miR-2355-5p",100,21,0.61,0.468857497913156,0.751142502086844
"GSE59856","PC_vs_Benign","All","miR-378a-3p",100,21,0.390714285714286,0.303077874749204,0.478350696679368
"GSE59856","PC_vs_Benign","All","miR-379-5p",100,21,0.44,0.407993922157631,0.472006077842369
"GSE59856","PC_vs_Benign","All","miR-4306",100,21,0.626190476190476,0.512110673857717,0.740270278523236
"GSE59856","PC_vs_Benign","All","miR-539-3p",100,21,0.495,0.4852001800773,0.5047998199227
"GSE59856","PC_vs_Benign","All","miR-6126",100,21,0.760714285714286,0.631463406172306,0.889965165256265
"GSE59856","PC_vs_Benign","All","miR-629-5p",100,21,0.48452380952381,0.412531695102294,0.556515923945325
"GSE59856","PC_vs_Benign","All","miR-656-3p",100,21,0.47,0.412451254338797,0.527548745661203
"GSE59856","PC_vs_Other_cancer","All","let-7i-5p",100,300,0.573916666666667,0.516463767370745,0.631369565962589
"GSE59856","PC_vs_Other_cancer","All","miR-107",100,300,0.771333333333333,0.716437995100472,0.826228671566194
"GSE59856","PC_vs_Other_cancer","All","miR-122-5p",100,300,0.623983333333333,0.562348305185423,0.685618361481244
"GSE59856","PC_vs_Other_cancer","All","miR-141-3p",100,300,0.519816666666667,0.503893333197609,0.535740000135724
"GSE59856","PC_vs_Other_cancer","All","miR-143-3p",100,300,0.401466666666667,0.359478069478601,0.443455263854733
"GSE59856","PC_vs_Other_cancer","All","miR-184",100,300,0.357533333333333,0.298448248878021,0.416618417788646
"GSE59856","PC_vs_Other_cancer","All","miR-185-5p",100,300,0.626316666666667,0.564661945496448,0.687971387836885
"GSE59856","PC_vs_Other_cancer","All","miR-199b-5p",100,300,0.50735,0.46822394158422,0.54647605841578
"GSE59856","PC_vs_Other_cancer","All","miR-204-5p",100,300,0.5168,0.484606657714591,0.548993342285409
"GSE59856","PC_vs_Other_cancer","All","miR-215-3p",100,300,0.52,0.508894244362051,0.531105755637949
"GSE59856","PC_vs_Other_cancer","All","miR-216b-5p",100,300,0.470683333333333,0.434071235627823,0.507295431038844
"GSE59856","PC_vs_Other_cancer","All","miR-221-3p",100,300,0.55435,0.493530548272791,0.615169451727209
"GSE59856","PC_vs_Other_cancer","All","miR-2355-5p",100,300,0.587466666666667,0.527141461648279,0.647791871685054
"GSE59856","PC_vs_Other_cancer","All","miR-378a-3p",100,300,0.472116666666667,0.417924495189879,0.526308838143455
"GSE59856","PC_vs_Other_cancer","All","miR-379-5p",100,300,0.4805,0.443787113623599,0.517212886376401
"GSE59856","PC_vs_Other_cancer","All","miR-4306",100,300,0.582233333333333,0.520742884580472,0.643723782086194
"GSE59856","PC_vs_Other_cancer","All","miR-539-3p",100,300,0.519816666666667,0.503893333197609,0.535740000135724
"GSE59856","PC_vs_Other_cancer","All","miR-6126",100,300,0.676283333333333,0.621089107591328,0.731477559075339
"GSE59856","PC_vs_Other_cancer","All","miR-629-5p",100,300,0.476083333333333,0.445252652578941,0.506914014087725
"GSE59856","PC_vs_Other_cancer","All","miR-656-3p",100,300,0.478483333333333,0.443898961479976,0.513067705186691
"GSE59856","PC_vs_Healthy","Pathologic_stage_II_non_yp","let-7i-5p",17,150,0.347647058823529,0.204953317540968,0.490340800106091
"GSE59856","PC_vs_Healthy","Pathologic_stage_II_non_yp","miR-107",17,150,0.652549019607843,0.490062628473315,0.815035410742371
"GSE59856","PC_vs_Healthy","Pathologic_stage_II_non_yp","miR-122-5p",17,150,0.675098039215686,0.511044725391735,0.839151353039638
"GSE59856","PC_vs_Healthy","Pathologic_stage_II_non_yp","miR-141-3p",17,150,0.51,0.49876034458558,0.52123965541442
"GSE59856","PC_vs_Healthy","Pathologic_stage_II_non_yp","miR-143-3p",17,150,0.45,0.425915024111957,0.474084975888043
"GSE59856","PC_vs_Healthy","Pathologic_stage_II_non_yp","miR-184",17,150,0.636470588235294,0.480206781547638,0.79273439492295
"GSE59856","PC_vs_Healthy","Pathologic_stage_II_non_yp","miR-185-5p",17,150,0.496862745098039,0.312493875363003,0.681231614833076
"GSE59856","PC_vs_Healthy","Pathologic_stage_II_non_yp","miR-199b-5p",17,150,0.435686274509804,0.341210833979894,0.530161715039714
"GSE59856","PC_vs_Healthy","Pathologic_stage_II_non_yp","miR-204-5p",17,150,0.46843137254902,0.388073740018356,0.548789005079683
"GSE59856","PC_vs_Healthy","Pathologic_stage_II_non_yp","miR-215-3p",17,150,0.503333333333333,0.496800120051533,0.509866546615134
"GSE59856","PC_vs_Healthy","Pathologic_stage_II_non_yp","miR-216b-5p",17,150,0.44078431372549,0.347737987410604,0.533830640040376
"GSE59856","PC_vs_Healthy","Pathologic_stage_II_non_yp","miR-221-3p",17,150,0.270980392156863,0.146211794316449,0.395748989997276
"GSE59856","PC_vs_Healthy","Pathologic_stage_II_non_yp","miR-2355-5p",17,150,0.528627450980392,0.362503389856521,0.694751512104263
"GSE59856","PC_vs_Healthy","Pathologic_stage_II_non_yp","miR-378a-3p",17,150,0.490196078431373,0.358652128884281,0.621740027978464
"GSE59856","PC_vs_Healthy","Pathologic_stage_II_non_yp","miR-379-5p",17,150,0.577254901960784,0.505403736180079,0.64910606774149
"GSE59856","PC_vs_Healthy","Pathologic_stage_II_non_yp","miR-4306",17,150,0.636666666666667,0.473114157199321,0.800219176134012
"GSE59856","PC_vs_Healthy","Pathologic_stage_II_non_yp","miR-539-3p",17,150,0.516666666666667,0.502255381718558,0.531077951614775
"GSE59856","PC_vs_Healthy","Pathologic_stage_II_non_yp","miR-6126",17,150,0.419019607843137,0.289817616598283,0.548221599087992
"GSE59856","PC_vs_Healthy","Pathologic_stage_II_non_yp","miR-629-5p",17,150,0.49921568627451,0.438812779647377,0.559618592901643
"GSE59856","PC_vs_Healthy","Pathologic_stage_II_non_yp","miR-656-3p",17,150,0.487058823529412,0.427300499536348,0.546817147522476
"GSE59856","PC_vs_Benign","Pathologic_stage_II_non_yp","let-7i-5p",17,21,0.676470588235294,0.518670338665278,0.83427083780531
"GSE59856","PC_vs_Benign","Pathologic_stage_II_non_yp","miR-107",17,21,0.915966386554622,0.823413085806129,1
"GSE59856","PC_vs_Benign","Pathologic_stage_II_non_yp","miR-122-5p",17,21,0.698879551820728,0.516885794376814,0.880873309264643
"GSE59856","PC_vs_Benign","Pathologic_stage_II_non_yp","miR-141-3p",17,21,0.5,0.5,0.5
"GSE59856","PC_vs_Benign","Pathologic_stage_II_non_yp","miR-143-3p",17,21,0.19047619047619,0.084061772892764,0.296890608059617
"GSE59856","PC_vs_Benign","Pathologic_stage_II_non_yp","miR-184",17,21,0.303921568627451,0.151041269255762,0.45680186799914
"GSE59856","PC_vs_Benign","Pathologic_stage_II_non_yp","miR-185-5p",17,21,0.641456582633053,0.466441768032964,0.816471397233142
"GSE59856","PC_vs_Benign","Pathologic_stage_II_non_yp","miR-199b-5p",17,21,0.46218487394958,0.348597438000427,0.575772309898733
"GSE59856","PC_vs_Benign","Pathologic_stage_II_non_yp","miR-204-5p",17,21,0.518207282913165,0.408773145023726,0.627641420802604
"GSE59856","PC_vs_Benign","Pathologic_stage_II_non_yp","miR-215-3p",17,21,0.5,0.5,0.5
"GSE59856","PC_vs_Benign","Pathologic_stage_II_non_yp","miR-216b-5p",17,21,0.439775910364146,0.335247612031358,0.544304208696933
"GSE59856","PC_vs_Benign","Pathologic_stage_II_non_yp","miR-221-3p",17,21,0.504201680672269,0.315734620904953,0.692668740439585
"GSE59856","PC_vs_Benign","Pathologic_stage_II_non_yp","miR-2355-5p",17,21,0.610644257703081,0.425011238460158,0.796277276946005
"GSE59856","PC_vs_Benign","Pathologic_stage_II_non_yp","miR-378a-3p",17,21,0.408963585434174,0.27893841427936,0.538988756588987
"GSE59856","PC_vs_Benign","Pathologic_stage_II_non_yp","miR-379-5p",17,21,0.470588235294118,0.412942235748822,0.528234234839413
"GSE59856","PC_vs_Benign","Pathologic_stage_II_non_yp","miR-4306",17,21,0.711484593837535,0.549282706800968,0.873686480874102
"GSE59856","PC_vs_Benign","Pathologic_stage_II_non_yp","miR-539-3p",17,21,0.5,0.5,0.5
"GSE59856","PC_vs_Benign","Pathologic_stage_II_non_yp","miR-6126",17,21,0.718487394957983,0.546111847482434,0.890862942433532
"GSE59856","PC_vs_Benign","Pathologic_stage_II_non_yp","miR-629-5p",17,21,0.478991596638655,0.393207212207313,0.564775981069997
"GSE59856","PC_vs_Benign","Pathologic_stage_II_non_yp","miR-656-3p",17,21,0.495798319327731,0.42193664259438,0.569659996061083
"GSE85589","PC_vs_Healthy","All","let-7i-5p",88,19,0.520334928229665,0.364388471477712,0.676281384981619
"GSE85589","PC_vs_Healthy","All","miR-107",88,19,0.513157894736842,0.364010697336757,0.662305092136928
"GSE85589","PC_vs_Healthy","All","miR-122-5p",88,19,0.374401913875598,0.265517061988727,0.483286765762469
"GSE85589","PC_vs_Healthy","All","miR-130a-3p",88,19,0.7811004784689,0.680287837104623,0.881913119833176
"GSE85589","PC_vs_Healthy","All","miR-134-3p",88,19,0.54366028708134,0.381975139514699,0.705345434647981
"GSE85589","PC_vs_Healthy","All","miR-139-3p",88,19,0.357655502392345,0.208907175077676,0.506403829707013
"GSE85589","PC_vs_Healthy","All","miR-141-3p",88,19,0.457535885167464,0.312125601737621,0.602946168597308
"GSE85589","PC_vs_Healthy","All","miR-143-3p",88,19,0.464712918660287,0.319183835523324,0.61024200179725
"GSE85589","PC_vs_Healthy","All","miR-184",88,19,0.54366028708134,0.367317098048093,0.720003476114586
"GSE85589","PC_vs_Healthy","All","miR-185-5p",88,19,0.36244019138756,0.226735725035011,0.498144657740108
"GSE85589","PC_vs_Healthy","All","miR-199b-5p",88,19,0.419856459330144,0.273239078960999,0.566473839699288
"GSE85589","PC_vs_Healthy","All","miR-204-5p",88,19,0.473086124401914,0.308043863132747,0.638128385671081
"GSE85589","PC_vs_Healthy","All","miR-20a-5p",88,19,0.558014354066986,0.424070610571637,0.691958097562334
"GSE85589","PC_vs_Healthy","All","miR-210-3p",88,19,0.423444976076555,0.290648501065172,0.556241451087938
"GSE85589","PC_vs_Healthy","All","miR-2110",88,19,0.643540669856459,0.493318086086131,0.793763253626787
"GSE85589","PC_vs_Healthy","All","miR-215-3p",88,19,0.33433014354067,0.190857275646651,0.477803011434689
"GSE85589","PC_vs_Healthy","All","miR-216b-5p",88,19,0.351674641148325,0.225618568303043,0.477730713993607
"GSE85589","PC_vs_Healthy","All","miR-221-3p",88,19,0.63755980861244,0.50473661505692,0.77038300216796
"GSE85589","PC_vs_Healthy","All","miR-2355-5p",88,19,0.519736842105263,0.374397921335242,0.665075762875284
"GSE85589","PC_vs_Healthy","All","miR-23c",88,19,0.354665071770335,0.205594123039149,0.503736020501521
"GSE85589","PC_vs_Healthy","All","miR-378a-3p",88,19,0.367822966507177,0.228852351064819,0.506793581949535
"GSE85589","PC_vs_Healthy","All","miR-379-5p",88,19,0.567583732057416,0.426728101986481,0.708439362128351
"GSE85589","PC_vs_Healthy","All","miR-4306",88,19,0.574760765550239,0.434914898007396,0.714606633093083
"GSE85589","PC_vs_Healthy","All","miR-539-3p",88,19,0.414473684210526,0.262942719838152,0.566004648582901
"GSE85589","PC_vs_Healthy","All","miR-6126",88,19,0.453349282296651,0.290144550576579,0.616554014016722
"GSE85589","PC_vs_Healthy","All","miR-629-5p",88,19,0.503588516746411,0.350246924969983,0.656930108522839
"GSE85589","PC_vs_Healthy","All","miR-656-3p",88,19,0.56877990430622,0.445818115614937,0.691741692997503
"GSE85589","PC_vs_Benign","All","let-7i-5p",88,10,0.427272727272727,0.215267037949963,0.639278416595491
"GSE85589","PC_vs_Benign","All","miR-107",88,10,0.525,0.315988556575444,0.734011443424556
"GSE85589","PC_vs_Benign","All","miR-122-5p",88,10,0.388636363636364,0.217081286813224,0.560191440459503
"GSE85589","PC_vs_Benign","All","miR-130a-3p",88,10,0.643181818181818,0.476456324906349,0.809907311457288
"GSE85589","PC_vs_Benign","All","miR-134-3p",88,10,0.490909090909091,0.26238797044989,0.719430211368292
"GSE85589","PC_vs_Benign","All","miR-139-3p",88,10,0.378409090909091,0.212257642051317,0.544560539766865
"GSE85589","PC_vs_Benign","All","miR-141-3p",88,10,0.546590909090909,0.348433208344609,0.744748609837209
"GSE85589","PC_vs_Benign","All","miR-143-3p",88,10,0.594318181818182,0.382296087462662,0.806340276173702
"GSE85589","PC_vs_Benign","All","miR-184",88,10,0.609090909090909,0.401815855244423,0.816365962937395
"GSE85589","PC_vs_Benign","All","miR-185-5p",88,10,0.429545454545455,0.21426880404296,0.644822105047949
"GSE85589","PC_vs_Benign","All","miR-199b-5p",88,10,0.4375,0.251996398591838,0.623003601408162
"GSE85589","PC_vs_Benign","All","miR-204-5p",88,10,0.489772727272727,0.315773059766137,0.663772394779318
"GSE85589","PC_vs_Benign","All","miR-20a-5p",88,10,0.277272727272727,0.128716384722784,0.42582906982267
"GSE85589","PC_vs_Benign","All","miR-210-3p",88,10,0.520454545454546,0.318840440487128,0.722068650421963
"GSE85589","PC_vs_Benign","All","miR-2110",88,10,0.5625,0.388612657183157,0.736387342816843
"GSE85589","PC_vs_Benign","All","miR-215-3p",88,10,0.501136363636364,0.325313370051996,0.676959357220732
"GSE85589","PC_vs_Benign","All","miR-216b-5p",88,10,0.451136363636364,0.237096182469829,0.665176544802898
"GSE85589","PC_vs_Benign","All","miR-221-3p",88,10,0.697727272727273,0.573403399722602,0.822051145731943
"GSE85589","PC_vs_Benign","All","miR-2355-5p",88,10,0.584090909090909,0.407051167160071,0.761130651021747
"GSE85589","PC_vs_Benign","All","miR-23c",88,10,0.527272727272727,0.323383360831834,0.731162093713621
"GSE85589","PC_vs_Benign","All","miR-378a-3p",88,10,0.343181818181818,0.16851983896875,0.517843797394887
"GSE85589","PC_vs_Benign","All","miR-379-5p",88,10,0.565909090909091,0.325369162633989,0.806449019184193
"GSE85589","PC_vs_Benign","All","miR-4306",88,10,0.519318181818182,0.333511966891652,0.705124396744711
"GSE85589","PC_vs_Benign","All","miR-539-3p",88,10,0.488636363636364,0.338332686723838,0.638940040548889
"GSE85589","PC_vs_Benign","All","miR-6126",88,10,0.501136363636364,0.306353826200747,0.69591890107198
"GSE85589","PC_vs_Benign","All","miR-629-5p",88,10,0.4,0.246628331928408,0.553371668071592
"GSE85589","PC_vs_Benign","All","miR-656-3p",88,10,0.536363636363636,0.342303618706525,0.730423654020747
"GSE85589","PC_vs_Other_cancer","All","let-7i-5p",88,115,0.475098814229249,0.395061695360645,0.555135933097853
"GSE85589","PC_vs_Other_cancer","All","miR-107",88,115,0.795948616600791,0.732531615933163,0.859365617268418
"GSE85589","PC_vs_Other_cancer","All","miR-122-5p",88,115,0.46403162055336,0.384314079922065,0.543749161184654
"GSE85589","PC_vs_Other_cancer","All","miR-130a-3p",88,115,0.71096837944664,0.637861795895283,0.784074962997998
"GSE85589","PC_vs_Other_cancer","All","miR-134-3p",88,115,0.515316205533597,0.435133460156005,0.595498950911189
"GSE85589","PC_vs_Other_cancer","All","miR-139-3p",88,115,0.330434782608696,0.256183025100932,0.404686540116459
"GSE85589","PC_vs_Other_cancer","All","miR-141-3p",88,115,0.476086956521739,0.394158521852569,0.558015391190909
"GSE85589","PC_vs_Other_cancer","All","miR-143-3p",88,115,0.562450592885375,0.482740026866579,0.642161158904173
"GSE85589","PC_vs_Other_cancer","All","miR-184",88,115,0.561363636363636,0.482613249547374,0.640114023179899
"GSE85589","PC_vs_Other_cancer","All","miR-185-5p",88,115,0.635474308300395,0.557367496053873,0.713581120546917
"GSE85589","PC_vs_Other_cancer","All","miR-199b-5p",88,115,0.44298418972332,0.363270456210021,0.522697923236619
"GSE85589","PC_vs_Other_cancer","All","miR-204-5p",88,115,0.55296442687747,0.473636461777527,0.632292391977413
"GSE85589","PC_vs_Other_cancer","All","miR-20a-5p",88,115,0.725592885375494,0.655493206644016,0.795692564106972
"GSE85589","PC_vs_Other_cancer","All","miR-210-3p",88,115,0.525,0.444014114679111,0.605985885320889
"GSE85589","PC_vs_Other_cancer","All","miR-2110",88,115,0.542292490118577,0.462804653349299,0.621780326887855
"GSE85589","PC_vs_Other_cancer","All","miR-215-3p",88,115,0.444169960474308,0.36441946894817,0.523920452000446
"GSE85589","PC_vs_Other_cancer","All","miR-216b-5p",88,115,0.487055335968379,0.406029094678299,0.56808157725846
"GSE85589","PC_vs_Other_cancer","All","miR-221-3p",88,115,0.561561264822134,0.481632420690198,0.641490108954071
"GSE85589","PC_vs_Other_cancer","All","miR-2355-5p",88,115,0.522529644268775,0.441455578557597,0.603603709979952
"GSE85589","PC_vs_Other_cancer","All","miR-23c",88,115,0.431324110671937,0.351201188635637,0.511447032708237
"GSE85589","PC_vs_Other_cancer","All","miR-378a-3p",88,115,0.327272727272727,0.252161430971936,0.402384023573518
"GSE85589","PC_vs_Other_cancer","All","miR-379-5p",88,115,0.52203557312253,0.441280041770215,0.602791104474845
"GSE85589","PC_vs_Other_cancer","All","miR-4306",88,115,0.565415019762846,0.485696461520802,0.645133578004889
"GSE85589","PC_vs_Other_cancer","All","miR-539-3p",88,115,0.400691699604743,0.322479697624725,0.478903701584761
"GSE85589","PC_vs_Other_cancer","All","miR-6126",88,115,0.470355731225296,0.390639933940844,0.550071528509748
"GSE85589","PC_vs_Other_cancer","All","miR-629-5p",88,115,0.431620553359684,0.352593434163117,0.510647672556251
"GSE85589","PC_vs_Other_cancer","All","miR-656-3p",88,115,0.5449604743083,0.463904429626435,0.626016518990166
"GSE85589","PC_vs_Healthy","CA19_9_less_than_37","let-7i-5p",23,19,0.574370709382151,0.393820242391714,0.754921176372588
"GSE85589","PC_vs_Healthy","CA19_9_less_than_37","miR-107",23,19,0.453089244851259,0.269670458425793,0.636508031276724
"GSE85589","PC_vs_Healthy","CA19_9_less_than_37","miR-122-5p",23,19,0.384439359267735,0.197313184013907,0.571565534521562
"GSE85589","PC_vs_Healthy","CA19_9_less_than_37","miR-130a-3p",23,19,0.704805491990847,0.5453937076479,0.864217276333793
"GSE85589","PC_vs_Healthy","CA19_9_less_than_37","miR-134-3p",23,19,0.473684210526316,0.287681445586693,0.659686975465939
"GSE85589","PC_vs_Healthy","CA19_9_less_than_37","miR-139-3p",23,19,0.295194508009153,0.129629746171807,0.4607592698465
"GSE85589","PC_vs_Healthy","CA19_9_less_than_37","miR-141-3p",23,19,0.354691075514874,0.182329456176971,0.527052694852778
"GSE85589","PC_vs_Healthy","CA19_9_less_than_37","miR-143-3p",23,19,0.480549199084668,0.298727028885417,0.66237136928392
"GSE85589","PC_vs_Healthy","CA19_9_less_than_37","miR-184",23,19,0.521739130434783,0.333880905994752,0.709597354874813
"GSE85589","PC_vs_Healthy","CA19_9_less_than_37","miR-185-5p",23,19,0.354691075514874,0.182075012969992,0.527307138059756
"GSE85589","PC_vs_Healthy","CA19_9_less_than_37","miR-199b-5p",23,19,0.491990846681922,0.308635768784767,0.675345924579078
"GSE85589","PC_vs_Healthy","CA19_9_less_than_37","miR-204-5p",23,19,0.512585812356979,0.321252098564455,0.703919526149504
"GSE85589","PC_vs_Healthy","CA19_9_less_than_37","miR-20a-5p",23,19,0.574370709382151,0.396353807203661,0.752387611560641
"GSE85589","PC_vs_Healthy","CA19_9_less_than_37","miR-210-3p",23,19,0.430205949656751,0.249228343221386,0.611183556092115
"GSE85589","PC_vs_Healthy","CA19_9_less_than_37","miR-2110",23,19,0.716247139588101,0.556193605710329,0.876300673465872
"GSE85589","PC_vs_Healthy","CA19_9_less_than_37","miR-215-3p",23,19,0.311212814645309,0.138536141596249,0.483889487694368
"GSE85589","PC_vs_Healthy","CA19_9_less_than_37","miR-216b-5p",23,19,0.324942791762014,0.158427803342444,0.491457780181584
"GSE85589","PC_vs_Healthy","CA19_9_less_than_37","miR-221-3p",23,19,0.649885583524027,0.477827194670573,0.821943972377482
"GSE85589","PC_vs_Healthy","CA19_9_less_than_37","miR-2355-5p",23,19,0.549199084668192,0.366795064185506,0.731603105150879
"GSE85589","PC_vs_Healthy","CA19_9_less_than_37","miR-23c",23,19,0.270022883295194,0.116197457250365,0.423848309340024
"GSE85589","PC_vs_Healthy","CA19_9_less_than_37","miR-378a-3p",23,19,0.416475972540046,0.237899523634109,0.595052421445983
"GSE85589","PC_vs_Healthy","CA19_9_less_than_37","miR-379-5p",23,19,0.519450800915332,0.337772846652935,0.701128755177728
"GSE85589","PC_vs_Healthy","CA19_9_less_than_37","miR-4306",23,19,0.526315789473684,0.344670271611567,0.707961307335801
"GSE85589","PC_vs_Healthy","CA19_9_less_than_37","miR-539-3p",23,19,0.45766590389016,0.271935343863867,0.643396463916453
"GSE85589","PC_vs_Healthy","CA19_9_less_than_37","miR-6126",23,19,0.40045766590389,0.216104078047098,0.584811253760682
"GSE85589","PC_vs_Healthy","CA19_9_less_than_37","miR-629-5p",23,19,0.439359267734554,0.257279135802227,0.62143939966688
"GSE85589","PC_vs_Healthy","CA19_9_less_than_37","miR-656-3p",23,19,0.556064073226545,0.374798716666102,0.737329429786987
"GSE85589","PC_vs_Benign","CA19_9_less_than_37","let-7i-5p",23,7,0.509316770186335,0.240625074697302,0.778008465675368
"GSE85589","PC_vs_Benign","CA19_9_less_than_37","miR-107",23,7,0.527950310559006,0.233515672979449,0.822384948138563
"GSE85589","PC_vs_Benign","CA19_9_less_than_37","miR-122-5p",23,7,0.391304347826087,0.181528191403569,0.601080504248605
"GSE85589","PC_vs_Benign","CA19_9_less_than_37","miR-130a-3p",23,7,0.546583850931677,0.333504766095138,0.759662935768216
"GSE85589","PC_vs_Benign","CA19_9_less_than_37","miR-134-3p",23,7,0.453416149068323,0.186602970365738,0.720229327770908
"GSE85589","PC_vs_Benign","CA19_9_less_than_37","miR-139-3p",23,7,0.341614906832298,0.112431102160655,0.570798711503941
"GSE85589","PC_vs_Benign","CA19_9_less_than_37","miR-141-3p",23,7,0.459627329192547,0.186871479468943,0.73238317891615
"GSE85589","PC_vs_Benign","CA19_9_less_than_37","miR-143-3p",23,7,0.645962732919255,0.359882995551531,0.932042470286978
"GSE85589","PC_vs_Benign","CA19_9_less_than_37","miR-184",23,7,0.552795031055901,0.305278467009164,0.800311595102637
"GSE85589","PC_vs_Benign","CA19_9_less_than_37","miR-185-5p",23,7,0.453416149068323,0.147829578340811,0.759002719795835
"GSE85589","PC_vs_Benign","CA19_9_less_than_37","miR-199b-5p",23,7,0.490683229813665,0.247458577659998,0.733907881967331
"GSE85589","PC_vs_Benign","CA19_9_less_than_37","miR-204-5p",23,7,0.695652173913043,0.478895437780191,0.912408910045896
"GSE85589","PC_vs_Benign","CA19_9_less_than_37","miR-20a-5p",23,7,0.322981366459627,0.116669790169432,0.529292942749822
"GSE85589","PC_vs_Benign","CA19_9_less_than_37","miR-210-3p",23,7,0.453416149068323,0.187074669749894,0.719757628386752
"GSE85589","PC_vs_Benign","CA19_9_less_than_37","miR-2110",23,7,0.559006211180124,0.349529979971234,0.768482442389015
"GSE85589","PC_vs_Benign","CA19_9_less_than_37","miR-215-3p",23,7,0.509316770186335,0.253169133648293,0.765464406724378
"GSE85589","PC_vs_Benign","CA19_9_less_than_37","miR-216b-5p",23,7,0.478260869565217,0.164187691691853,0.792334047438581
"GSE85589","PC_vs_Benign","CA19_9_less_than_37","miR-221-3p",23,7,0.77639751552795,0.60218701089513,0.95060802016077
"GSE85589","PC_vs_Benign","CA19_9_less_than_37","miR-2355-5p",23,7,0.62111801242236,0.411513189285331,0.830722835559389
"GSE85589","PC_vs_Benign","CA19_9_less_than_37","miR-23c",23,7,0.316770186335404,0.104948839779871,0.528591532890937
"GSE85589","PC_vs_Benign","CA19_9_less_than_37","miR-378a-3p",23,7,0.397515527950311,0.135380442695567,0.659650613205054
"GSE85589","PC_vs_Benign","CA19_9_less_than_37","miR-379-5p",23,7,0.422360248447205,0.115132145721568,0.729588351172841
"GSE85589","PC_vs_Benign","CA19_9_less_than_37","miR-4306",23,7,0.509316770186335,0.262827457720791,0.75580608265188
"GSE85589","PC_vs_Benign","CA19_9_less_than_37","miR-539-3p",23,7,0.559006211180124,0.337545623218044,0.780466799142205
"GSE85589","PC_vs_Benign","CA19_9_less_than_37","miR-6126",23,7,0.397515527950311,0.136178289874447,0.658852766026174
"GSE85589","PC_vs_Benign","CA19_9_less_than_37","miR-629-5p",23,7,0.366459627329193,0.156779828653244,0.576139426005141
"GSE85589","PC_vs_Benign","CA19_9_less_than_37","miR-656-3p",23,7,0.652173913043478,0.426694113398368,0.877653712688589
